symbol,side,event_id,state,entry_ms,exit_ms,entry_utc,exit_utc,entry,exit,qty,notional_usdt,margin_usdt,leverage,initial_guard,last_guard,planned_guard_risk_usdt,volume_ratio,reason,censored,gross_usdt,fees_usdt,funding_usdt,entry_fees_usdt,net_usdt,net_bps,cost_multiplier,exit_intraminute
ETHUSDT,long,8a5346ef7ac50d6d10a0d7ceb840963a0561323256fd27942037eeb62a66c6f7,ETHUSDT|long|high_volume,1672588860000,1672622160000,2023-01-01T16:01:00+00:00,2023-01-02T01:16:00+00:00,1197.63,1191.96,1.25,1497.0375000000001,299.4075,5,1192.98,1192.98,8.28229500000009,2.925158153428165,exchange_guard_proxy_touch,False,-7.087500000000091,1.194795,-0.14999500000000002,0.5988150000000001,-8.43229000000009,-56.32651152693296,1,True
ETHUSDT,long,7db1ca2203ab98414bbfc6dd8bdf45dcc795d86bea87b25a5a845ae2233e0d3f,ETHUSDT|long|confirmed_volume,1672630860000,1672699680000,2023-01-02T03:41:00+00:00,2023-01-02T22:48:00+00:00,1198.3600000000001,1212.25,1.25,1497.9500000000003,299.59000000000003,5,1192.98,1213.29,9.195160000000113,1.9564500657755488,exchange_guard_proxy_touch,False,17.36249999999984,1.205305,-0.24827892625,0.59918,15.908916073749841,106.20458676023792,1,True
ETHUSDT,long,0b13de80fc597fce11480cb5479ec3df14eff1be81d9ac01a664a9d3b5246e0d,ETHUSDT|long|high_volume,1672724460000,1672757400000,2023-01-03T05:41:00+00:00,2023-01-03T14:50:00+00:00,1217.29,1212.49,1.21,1472.9208999999998,294.58417999999995,5,1210.63,1213.53,10.479514759999791,3.4117702852729646,exchange_guard_proxy_touch,False,-5.807999999999945,1.17601352,-0.07691384456799999,0.58916836,-7.060927364567944,-47.938265826548765,1,True
ETHUSDT,long,2971694993fe7e1e559e940191ce97cb47e30fb70839cfcc80faa42f7fa42b08,ETHUSDT|long|confirmed_volume,1672871460000,1672900140000,2023-01-04T22:31:00+00:00,2023-01-05T06:29:00+00:00,1254.84,1250.43,0.56,702.7104,140.54208,5,1238.6,1251.5,10.246293119999976,1.6410338541573681,exchange_guard_proxy_touch,False,-2.4695999999999185,0.5611804800000001,-0.07035784000000002,0.28108415999999997,-3.1011383199999187,-44.13110037933007,1,True
ETHUSDT,long,6e42fb8b09556c0748946d1c27dfd07cd11c789393427c100cbca3916446286b,ETHUSDT|long|high_volume,1672965360000,1672983780000,2023-01-06T00:36:00+00:00,2023-01-06T05:43:00+00:00,1254.77,1246.32,0.99,1242.2223,248.44446,5,1246.33,1247.39,10.395015840000001,2.13543876029371,exchange_guard_proxy_touch,False,-8.365500000000045,0.9904316400000001,0.0,0.49688892,-9.355931640000046,-75.31608183173049,1,True
ETHUSDT,long,dba376a15593e1d6aa60c89c5e091e7538319475953e3dd8634532dfcfd1af0a,ETHUSDT|long|confirmed_volume,1672993260000,1672995840000,2023-01-06T08:21:00+00:00,2023-01-06T09:04:00+00:00,1250.04,1246.32,1.19,1487.5475999999999,297.50951999999995,5,1247.39,1247.39,5.615067360000032,1.5447286538509404,exchange_guard_proxy_touch,False,-4.426800000000032,1.1882673599999998,0.0,0.5950190399999999,-5.615067360000031,-37.74714409138929,1,True
ETHUSDT,long,ba7c84cf0c09b86ccc7ed9626e4ea7167d8189643f6c382205278aba79226abe,ETHUSDT|long|confirmed_volume,1673097060000,1673100480000,2023-01-07T13:11:00+00:00,2023-01-07T14:08:00+00:00,1265.44,1259.94,1.18,1493.2192,298.64384,5,1261.02,1261.02,7.68197936,1.930227363651159,exchange_guard_proxy_touch,False,-6.489999999999999,1.1919793600000002,0.0,0.5972876800000001,-7.68197936,-51.44575799721836,1,True
ETHUSDT,long,3e57d42f5a7e6db0b49f2bd7046c52378634825c7ca0004b97afdcbac8a88e4c,ETHUSDT|long|high_volume,1673190060000,1673403840000,2023-01-08T15:01:00+00:00,2023-01-11T02:24:00+00:00,1267.02,1331.8600000000001,1.17,1482.4134,296.48267999999996,5,1260.42,1333.0,10.167936480000073,4.185772650664748,exchange_guard_proxy_touch,False,75.86280000000016,1.21627584,-1.088826172785,0.59296536,73.55769798721516,496.20232782039864,1,True
ETHUSDT,long,3eed65f11cd9fd2ce9ffae67d2ec21ed6518f5757eb398d181daa66ccd3ee199,ETHUSDT|long|high_volume,1673529060000,1673529900000,2023-01-12T13:11:00+00:00,2023-01-12T13:25:00+00:00,1401.91,1393.56,1.06,1486.0246000000002,297.20492,5,1394.75,1394.75,10.036279280000144,2.079376934718842,exchange_guard_proxy_touch,False,-8.851000000000145,1.1852792800000003,0.0,0.5944098400000001,-10.036279280000144,-67.53777346620065,1,True
ETHUSDT,long,cb863b838d8ff0ef0f78aab5db498c6b1870d2f3962d85b02e503c1f7a22059f,ETHUSDT|long|high_volume,1673601360000,1673605980000,2023-01-13T09:16:00+00:00,2023-01-13T10:33:00+00:00,1412.79,1404.03,0.74,1045.4646,209.09292,5,1400.69,1405.23,10.674434879999966,2.7021554284638074,exchange_guard_proxy_touch,False,-6.482399999999993,0.83377872,0.0,0.41818584000000003,-7.316178719999993,-69.98016690378606,1,True
ETHUSDT,long,f796f904efb4565f87ccfd8f31bb6bf20f7c50264590f00d4c7f42880c875df5,ETHUSDT|long|confirmed_volume,1673725860000,1673856540000,2023-01-14T19:51:00+00:00,2023-01-16T08:09:00+00:00,1538.05,1539.91,0.35000000000000003,538.3175,107.6635,5,1509.99,1541.23,10.699044999999968,1.6608324411356614,exchange_guard_proxy_touch,False,0.6510000000000447,0.4309144000000001,-0.46520622176,0.21532700000000002,-0.24512062175995541,-4.553458168459235,1,True
BTCUSDT,long,2881be86f5a082fecc4d4b1bca5520608dcbb77a2d420b76fba8c6719eed45d5,BTCUSDT|long|high_volume,1673830560000,1673856540000,2023-01-16T00:56:00+00:00,2023-01-16T08:09:00+00:00,21003.300000000003,20732.2,0.029300000000000003,615.3966900000001,123.07933800000004,5,20669.9,20749.9,10.772503632000001,3.0813008697524946,exchange_guard_proxy_touch,False,-7.943230000000065,0.4891400600000001,-0.06186988000000001,0.24615867600000008,-8.494239940000064,-138.02869072955303,1,True
ETHUSDT,long,11dd446c946b3bbb8a4dd5e0913f93fbd231a9d2c7cabdf24946c8868c26e5bc,ETHUSDT|long|high_volume,1673895660000,1674056820000,2023-01-16T19:01:00+00:00,2023-01-18T15:47:00+00:00,1574.1100000000001,1569.46,0.19,299.08090000000004,59.81618000000001,5,1520.73,1570.8,10.624309040000012,6.052390651976966,exchange_guard_proxy_touch,False,-0.8835000000000173,0.23891132000000004,-0.14936185000000002,0.11963236000000002,-1.2717731700000172,-42.522714422753744,1,True
BTCUSDT,long,4d9134fab9084cf77a04d30070d2f96838866c17dc6ced33fc06d60d5c74b6d8,BTCUSDT|long|high_volume,1673914560000,1673917920000,2023-01-17T00:16:00+00:00,2023-01-17T01:12:00+00:00,21307.2,21038.0,0.037200000000000004,792.6278400000001,158.52556800000002,5,21055.9,21055.9,10.644336576000029,8.690767791508849,exchange_guard_proxy_touch,False,-10.014240000000028,0.630096576,0.0,0.31705113600000007,-10.644336576000027,-134.29173237215622,1,True
BTCUSDT,long,ac29d9c2ae6abe5e88a2ccd9c3ed2093eb95f10791cc6f4c1a8cb031f5a87729,BTCUSDT|long|high_volume,1674102660000,1674190320000,2023-01-19T04:31:00+00:00,2023-01-20T04:52:00+00:00,20838.800000000003,20993.4,0.0417,868.9779600000002,173.79559200000003,5,20621.0,21011.300000000003,10.507435896000061,3.445012067962185,exchange_guard_proxy_touch,False,6.446819999999939,0.697761096,-0.261697941,0.34759118400000005,5.48736096299994,63.14729734917488,1,True
ETHUSDT,long,3dfdf1842f7c3bbe61c4acd333217df3edc8a6f8a1a4cbf8d2622395cef0c0c1,ETHUSDT|long|high_volume,1674141660000,1674190500000,2023-01-19T15:21:00+00:00,2023-01-20T04:55:00+00:00,1544.82,1544.04,0.3,463.44599999999997,92.6892,5,1512.81,1545.36,10.356760799999986,3.4959623098080477,exchange_guard_proxy_touch,False,-0.2339999999999918,0.37066319999999997,-0.0925359,0.1853784,-0.6971990999999917,-15.04380445618242,1,True
ETHUSDT,long,bf407b642684167d7982ff6e328c974016efcb1ba09a69c7c95b35547800ebd9,ETHUSDT|long|high_volume,1674284160000,1674291660000,2023-01-21T06:56:00+00:00,2023-01-21T09:01:00+00:00,1655.64,1644.17,0.68,1125.8352000000002,225.16704000000004,5,1642.99,1645.57,10.45084655999997,2.075120774913779,exchange_guard_proxy_touch,False,-7.799600000000019,0.8975483200000003,-0.11233668000000002,0.4503340800000001,-8.80948500000002,-78.24844169022268,1,True
BTCUSDT,long,d82a40fddde7e498ea16d3d8a507d4918a582c036cc814d3d3d79ca16dbc1850,BTCUSDT|long|confirmed_volume,1674285060000,1674355440000,2023-01-21T07:11:00+00:00,2023-01-22T02:44:00+00:00,22636.9,22650.600000000002,0.0563,1274.45747,254.89149400000002,5,22486.9,22669.9,10.541715592000042,1.629674594380477,exchange_guard_proxy_touch,False,0.771310000000041,1.0198745000000002,-0.385146048,0.5097829880000001,-0.6337105479999592,-4.972394630006438,1,True
ETHUSDT,long,f2cd559fd070ebf779306f25a32799898efe66d48fc5926ed43047abcb470dcd,ETHUSDT|long|high_volume,1674295260000,1674296760000,2023-01-21T10:01:00+00:00,2023-01-21T10:26:00+00:00,1661.56,1644.17,0.5700000000000001,947.0892000000001,189.41784,5,1645.57,1645.57,10.66600643999993,7.062620625946517,exchange_guard_proxy_touch,False,-9.912299999999929,0.7537064400000001,0.0,0.37883568000000006,-10.66600643999993,-112.61881605238375,1,True
ETHUSDT,long,e3c93fb9e221da001f60f11ed414661491a716415c1dff9d18a0318ab6467a1d,ETHUSDT|long|high_volume,1674328260000,1674341940000,2023-01-21T19:11:00+00:00,2023-01-21T22:59:00+00:00,1665.6100000000001,1641.0900000000001,0.41000000000000003,682.9001000000001,136.58002000000002,5,1642.49,1642.49,10.595498799999993,3.24226379541105,exchange_guard_proxy_touch,False,-10.053199999999993,0.5422988000000001,0.0,0.27316004000000005,-10.595498799999993,-155.15444791998115,1,True
BTCUSDT,long,7d825ec9a3c1230a3d469b7e5d1151d4e009e1d4d83e8e823228a9d5981d627c,BTCUSDT|long|high_volume,1674362160000,1674386280000,2023-01-22T04:36:00+00:00,2023-01-22T11:18:00+00:00,22821.800000000003,22792.800000000003,0.0541,1234.6593800000003,246.93187600000005,5,22669.9,22812.2,10.24594273600004,3.5776772993859347,exchange_guard_proxy_touch,False,-1.5689,0.9870999440000003,-0.12385221200000002,0.4938637520000001,-2.6798521560000004,-21.705194156464433,1,True
