index,spec,dev_trades,dev_btc,dev_eth,dev_pnl,eval_trades,eval_pnl
0,"{""family"": ""breakout"", ""invert"": false, ""lookback"": 12, ""minutes"": 60, ""regime"": ""none"", ""volume"": 0.0}",7763,-22791.76,-22180.79,-44972.54,7379,-45307.65
1,"{""family"": ""breakout"", ""invert"": false, ""lookback"": 12, ""minutes"": 240, ""regime"": ""none"", ""volume"": 0.0}",4838,-16024.59,-13924.21,-29948.8,4343,-27531.27
2,"{""family"": ""breakout"", ""invert"": false, ""lookback"": 12, ""minutes"": 480, ""regime"": ""none"", ""volume"": 0.0}",3094,-9023.1,-9219.81,-18242.91,2757,-18407.98
3,"{""family"": ""breakout"", ""invert"": true, ""lookback"": 12, ""minutes"": 60, ""regime"": ""none"", ""volume"": 0.0}",7763,-22854.24,-22224.01,-45078.26,7379,-40288.75
4,"{""family"": ""breakout"", ""invert"": true, ""lookback"": 12, ""minutes"": 240, ""regime"": ""none"", ""volume"": 0.0}",4838,-12256.21,-13915.79,-26172.0,4343,-22847.53
5,"{""family"": ""breakout"", ""invert"": true, ""lookback"": 12, ""minutes"": 480, ""regime"": ""none"", ""volume"": 0.0}",3094,-8956.9,-8690.59,-17647.49,2757,-13573.22
6,"{""family"": ""breakout"", ""invert"": false, ""lookback"": 12, ""minutes"": 60, ""regime"": ""trend"", ""volume"": 0.0}",4879,-14860.91,-14439.74,-29300.64,4602,-28405.3
7,"{""family"": ""breakout"", ""invert"": false, ""lookback"": 12, ""minutes"": 240, ""regime"": ""trend"", ""volume"": 0.0}",3512,-11657.4,-10242.95,-21900.35,3127,-19218.19
8,"{""family"": ""breakout"", ""invert"": false, ""lookback"": 12, ""minutes"": 480, ""regime"": ""trend"", ""volume"": 0.0}",2536,-8665.36,-6693.05,-15358.41,2213,-15038.25
9,"{""family"": ""breakout"", ""invert"": true, ""lookback"": 12, ""minutes"": 60, ""regime"": ""trend"", ""volume"": 0.0}",4879,-13941.89,-13353.86,-27295.76,4602,-24977.9
10,"{""family"": ""breakout"", ""invert"": true, ""lookback"": 12, ""minutes"": 240, ""regime"": ""trend"", ""volume"": 0.0}",3512,-9129.8,-9709.05,-18838.85,3127,-17055.01
11,"{""family"": ""breakout"", ""invert"": true, ""lookback"": 12, ""minutes"": 480, ""regime"": ""trend"", ""volume"": 0.0}",2536,-6194.24,-7864.95,-14059.19,2213,-10632.55
12,"{""family"": ""breakout"", ""invert"": false, ""lookback"": 12, ""minutes"": 60, ""regime"": ""counter"", ""volume"": 0.0}",3049,-8288.11,-8445.87,-16733.99,2936,-17799.77
13,"{""family"": ""breakout"", ""invert"": false, ""lookback"": 12, ""minutes"": 240, ""regime"": ""counter"", ""volume"": 0.0}",2380,-6787.0,-5474.64,-12261.64,2248,-13001.01
14,"{""family"": ""breakout"", ""invert"": false, ""lookback"": 12, ""minutes"": 480, ""regime"": ""counter"", ""volume"": 0.0}",1907,-6238.54,-5208.7,-11447.25,1752,-8968.62
15,"{""family"": ""breakout"", ""invert"": true, ""lookback"": 12, ""minutes"": 60, ""regime"": ""counter"", ""volume"": 0.0}",3049,-9622.29,-9012.13,-18634.41,2936,-16257.83
16,"{""family"": ""breakout"", ""invert"": true, ""lookback"": 12, ""minutes"": 240, ""regime"": ""counter"", ""volume"": 0.0}",2380,-7133.0,-8213.36,-15346.36,2248,-13075.79
17,"{""family"": ""breakout"", ""invert"": true, ""lookback"": 12, ""minutes"": 480, ""regime"": ""counter"", ""volume"": 0.0}",1907,-4909.06,-5764.9,-10673.95,1752,-11354.58
18,"{""family"": ""breakout"", ""invert"": false, ""lookback"": 12, ""minutes"": 60, ""regime"": ""none"", ""volume"": 1.5}",4531,-13255.9,-13172.3,-26428.19,4269,-25582.79
19,"{""family"": ""breakout"", ""invert"": false, ""lookback"": 12, ""minutes"": 240, ""regime"": ""none"", ""volume"": 1.5}",3299,-10007.29,-8612.43,-18619.72,2980,-17321.21
20,"{""family"": ""breakout"", ""invert"": false, ""lookback"": 12, ""minutes"": 480, ""regime"": ""none"", ""volume"": 1.5}",2408,-7129.22,-6141.21,-13270.43,2151,-10940.81
21,"{""family"": ""breakout"", ""invert"": true, ""lookback"": 12, ""minutes"": 60, ""regime"": ""none"", ""volume"": 1.5}",4531,-13447.3,-12684.1,-26131.41,4269,-23937.61
22,"{""family"": ""breakout"", ""invert"": true, ""lookback"": 12, ""minutes"": 240, ""regime"": ""none"", ""volume"": 1.5}",3299,-9179.11,-10469.57,-19648.68,2980,-17246.79
23,"{""family"": ""breakout"", ""invert"": true, ""lookback"": 12, ""minutes"": 480, ""regime"": ""none"", ""volume"": 1.5}",2408,-6825.58,-7836.79,-14662.37,2151,-14010.79
24,"{""family"": ""breakout"", ""invert"": false, ""lookback"": 12, ""minutes"": 60, ""regime"": ""trend"", ""volume"": 1.5}",3227,-9927.23,-9472.97,-19400.21,3008,-18224.21
25,"{""family"": ""breakout"", ""invert"": false, ""lookback"": 12, ""minutes"": 240, ""regime"": ""trend"", ""volume"": 1.5}",2508,-7881.0,-6951.09,-14832.1,2251,-13625.96
26,"{""family"": ""breakout"", ""invert"": false, ""lookback"": 12, ""minutes"": 480, ""regime"": ""trend"", ""volume"": 1.5}",1985,-6339.72,-5174.09,-11513.81,1755,-10105.87
27,"{""family"": ""breakout"", ""invert"": true, ""lookback"": 12, ""minutes"": 60, ""regime"": ""trend"", ""volume"": 1.5}",3227,-9096.77,-8936.23,-18032.99,3008,-16668.59
28,"{""family"": ""breakout"", ""invert"": true, ""lookback"": 12, ""minutes"": 240, ""regime"": ""trend"", ""volume"": 1.5}",2508,-6781.4,-7479.31,-14260.7,2251,-12485.64
29,"{""family"": ""breakout"", ""invert"": true, ""lookback"": 12, ""minutes"": 480, ""regime"": ""trend"", ""volume"": 1.5}",1985,-5109.48,-6402.71,-11512.19,1755,-10252.13
30,"{""family"": ""breakout"", ""invert"": false, ""lookback"": 12, ""minutes"": 60, ""regime"": ""counter"", ""volume"": 1.5}",1386,-3614.76,-4020.73,-7635.5,1354,-7965.92
31,"{""family"": ""breakout"", ""invert"": false, ""lookback"": 12, ""minutes"": 240, ""regime"": ""counter"", ""volume"": 1.5}",1226,-3819.57,-2210.43,-6030.0,1179,-6393.5
32,"{""family"": ""breakout"", ""invert"": false, ""lookback"": 12, ""minutes"": 480, ""regime"": ""counter"", ""volume"": 1.5}",1087,-3991.26,-2856.08,-6847.35,1049,-4852.31
33,"{""family"": ""breakout"", ""invert"": true, ""lookback"": 12, ""minutes"": 60, ""regime"": ""counter"", ""volume"": 1.5}",1386,-4609.64,-3832.47,-8442.1,1354,-7740.48
34,"{""family"": ""breakout"", ""invert"": true, ""lookback"": 12, ""minutes"": 240, ""regime"": ""counter"", ""volume"": 1.5}",1226,-3476.83,-4714.77,-8191.6,1179,-7282.9
35,"{""family"": ""breakout"", ""invert"": true, ""lookback"": 12, ""minutes"": 480, ""regime"": ""counter"", ""volume"": 1.5}",1087,-2469.94,-3291.92,-5761.85,1049,-7316.09
36,"{""family"": ""breakout"", ""invert"": false, ""lookback"": 24, ""minutes"": 60, ""regime"": ""none"", ""volume"": 0.0}",4688,-13139.31,-14027.82,-27167.13,4792,-29088.71
37,"{""family"": ""breakout"", ""invert"": false, ""lookback"": 24, ""minutes"": 240, ""regime"": ""none"", ""volume"": 0.0}",3355,-9832.86,-9917.91,-19750.76,3246,-19257.75
38,"{""family"": ""breakout"", ""invert"": false, ""lookback"": 24, ""minutes"": 480, ""regime"": ""none"", ""volume"": 0.0}",2447,-6945.02,-7353.27,-14298.29,2296,-14694.11
39,"{""family"": ""breakout"", ""invert"": true, ""lookback"": 24, ""minutes"": 60, ""regime"": ""none"", ""volume"": 0.0}",4688,-14352.69,-12860.98,-27213.67,4792,-26498.49
40,"{""family"": ""breakout"", ""invert"": true, ""lookback"": 24, ""minutes"": 240, ""regime"": ""none"", ""volume"": 0.0}",3355,-9597.14,-9570.09,-19167.24,3246,-18395.85
41,"{""family"": ""breakout"", ""invert"": true, ""lookback"": 24, ""minutes"": 480, ""regime"": ""none"", ""volume"": 0.0}",2447,-7137.38,-6949.53,-14086.91,2296,-11939.49
42,"{""family"": ""breakout"", ""invert"": false, ""lookback"": 24, ""minutes"": 60, ""regime"": ""trend"", ""volume"": 0.0}",3340,-9764.07,-9984.72,-19748.79,3326,-19942.11
43,"{""family"": ""breakout"", ""invert"": false, ""lookback"": 24, ""minutes"": 240, ""regime"": ""trend"", ""volume"": 0.0}",2530,-7371.64,-7562.86,-14934.49,2362,-13995.74
44,"{""family"": ""breakout"", ""invert"": false, ""lookback"": 24, ""minutes"": 480, ""regime"": ""trend"", ""volume"": 0.0}",1984,-5808.31,-5284.42,-11092.74,1796,-10567.32
45,"{""family"": ""breakout"", ""invert"": true, ""lookback"": 24, ""minutes"": 60, ""regime"": ""trend"", ""volume"": 0.0}",3340,-9932.73,-9062.48,-18995.21,3326,-18639.49
46,"{""family"": ""breakout"", ""invert"": true, ""lookback"": 24, ""minutes"": 240, ""regime"": ""trend"", ""volume"": 0.0}",2530,-7453.16,-6960.34,-14413.51,2362,-13403.46
47,"{""family"": ""breakout"", ""invert"": true, ""lookback"": 24, ""minutes"": 480, ""regime"": ""trend"", ""volume"": 0.0}",1984,-5722.09,-6199.58,-11921.66,1796,-10266.28
48,"{""family"": ""breakout"", ""invert"": false, ""lookback"": 24, ""minutes"": 60, ""regime"": ""counter"", ""volume"": 0.0}",1421,-3586.15,-4355.43,-7941.58,1521,-9506.21
49,"{""family"": ""breakout"", ""invert"": false, ""lookback"": 24, ""minutes"": 240, ""regime"": ""counter"", ""volume"": 0.0}",1207,-3564.58,-3988.22,-7552.8,1215,-7596.88
50,"{""family"": ""breakout"", ""invert"": false, ""lookback"": 24, ""minutes"": 480, ""regime"": ""counter"", ""volume"": 0.0}",1089,-3970.3,-3875.37,-7845.67,1068,-6493.1
51,"{""family"": ""breakout"", ""invert"": true, ""lookback"": 24, ""minutes"": 60, ""regime"": ""counter"", ""volume"": 0.0}",1421,-4696.25,-3845.77,-8542.02,1521,-8137.39
52,"{""family"": ""breakout"", ""invert"": true, ""lookback"": 24, ""minutes"": 240, ""regime"": ""counter"", ""volume"": 0.0}",1207,-3453.42,-2994.98,-6448.4,1215,-6497.12
53,"{""family"": ""breakout"", ""invert"": true, ""lookback"": 24, ""minutes"": 480, ""regime"": ""counter"", ""volume"": 0.0}",1089,-2421.3,-2365.43,-4786.73,1068,-5895.7
54,"{""family"": ""breakout"", ""invert"": false, ""lookback"": 24, ""minutes"": 60, ""regime"": ""none"", ""volume"": 1.5}",3668,-10251.67,-10796.21,-21047.88,3550,-21572.95
55,"{""family"": ""breakout"", ""invert"": false, ""lookback"": 24, ""minutes"": 240, ""regime"": ""none"", ""volume"": 1.5}",2806,-7865.58,-8074.14,-15939.72,2621,-14992.87
56,"{""family"": ""breakout"", ""invert"": false, ""lookback"": 24, ""minutes"": 480, ""regime"": ""none"", ""volume"": 1.5}",2170,-6264.0,-4797.93,-11061.93,2013,-12172.72
57,"{""family"": ""breakout"", ""invert"": true, ""lookback"": 24, ""minutes"": 60, ""regime"": ""none"", ""volume"": 1.5}",3668,-11254.73,-10246.19,-21500.92,3550,-19607.05
58,"{""family"": ""breakout"", ""invert"": true, ""lookback"": 24, ""minutes"": 240, ""regime"": ""none"", ""volume"": 1.5}",2806,-8316.42,-8293.46,-16609.88,2621,-15410.73
59,"{""family"": ""breakout"", ""invert"": true, ""lookback"": 24, ""minutes"": 480, ""regime"": ""none"", ""volume"": 1.5}",2170,-6240.8,-7869.27,-14110.07,2013,-11178.08
60,"{""family"": ""breakout"", ""invert"": false, ""lookback"": 24, ""minutes"": 60, ""regime"": ""trend"", ""volume"": 1.5}",2738,-8029.04,-8068.29,-16097.32,2615,-15758.05
61,"{""family"": ""breakout"", ""invert"": false, ""lookback"": 24, ""minutes"": 240, ""regime"": ""trend"", ""volume"": 1.5}",2187,-6181.93,-6491.45,-12673.37,1993,-11909.37
62,"{""family"": ""breakout"", ""invert"": false, ""lookback"": 24, ""minutes"": 480, ""regime"": ""trend"", ""volume"": 1.5}",1782,-5484.8,-3914.81,-9399.61,1604,-9878.8
63,"{""family"": ""breakout"", ""invert"": true, ""lookback"": 24, ""minutes"": 60, ""regime"": ""trend"", ""volume"": 1.5}",2738,-8094.96,-7568.51,-15663.48,2615,-14575.95
64,"{""family"": ""breakout"", ""invert"": true, ""lookback"": 24, ""minutes"": 240, ""regime"": ""trend"", ""volume"": 1.5}",2187,-6531.67,-6164.15,-12695.83,1993,-11209.43
65,"{""family"": ""breakout"", ""invert"": true, ""lookback"": 24, ""minutes"": 480, ""regime"": ""trend"", ""volume"": 1.5}",1782,-4816.0,-6455.59,-11271.59,1604,-8727.6
66,"{""family"": ""breakout"", ""invert"": false, ""lookback"": 24, ""minutes"": 60, ""regime"": ""counter"", ""volume"": 1.5}",970,-2349.24,-2882.08,-5231.32,980,-6172.09
67,"{""family"": ""breakout"", ""invert"": false, ""lookback"": 24, ""minutes"": 240, ""regime"": ""counter"", ""volume"": 1.5}",869,-2597.13,-2450.74,-5047.87,851,-5181.12
68,"{""family"": ""breakout"", ""invert"": false, ""lookback"": 24, ""minutes"": 480, ""regime"": ""counter"", ""volume"": 1.5}",812,-2590.26,-2775.25,-5365.51,787,-4297.21
69,"{""family"": ""breakout"", ""invert"": true, ""lookback"": 24, ""minutes"": 60, ""regime"": ""counter"", ""volume"": 1.5}",970,-3299.96,-2720.72,-6020.68,980,-5195.91
70,"{""family"": ""breakout"", ""invert"": true, ""lookback"": 24, ""minutes"": 240, ""regime"": ""counter"", ""volume"": 1.5}",869,-2472.07,-2560.46,-5032.53,851,-4690.48
71,"{""family"": ""breakout"", ""invert"": true, ""lookback"": 24, ""minutes"": 480, ""regime"": ""counter"", ""volume"": 1.5}",812,-2165.74,-1887.95,-4053.69,787,-4831.99
72,"{""family"": ""breakout"", ""invert"": false, ""lookback"": 48, ""minutes"": 60, ""regime"": ""none"", ""volume"": 0.0}",2874,-8300.14,-9287.66,-17587.8,3101,-18168.82
73,"{""family"": ""breakout"", ""invert"": false, ""lookback"": 48, ""minutes"": 240, ""regime"": ""none"", ""volume"": 0.0}",2177,-5627.82,-6850.17,-12477.99,2231,-12862.15
74,"{""family"": ""breakout"", ""invert"": false, ""lookback"": 48, ""minutes"": 480, ""regime"": ""none"", ""volume"": 0.0}",1749,-3120.82,-5052.53,-8173.35,1737,-9669.16
75,"{""family"": ""breakout"", ""invert"": true, ""lookback"": 48, ""minutes"": 60, ""regime"": ""none"", ""volume"": 0.0}",2874,-8461.86,-7288.74,-15750.6,3101,-17802.78
76,"{""family"": ""breakout"", ""invert"": true, ""lookback"": 48, ""minutes"": 240, ""regime"": ""none"", ""volume"": 0.0}",2177,-6923.38,-5851.83,-12775.21,2231,-13017.45
77,"{""family"": ""breakout"", ""invert"": true, ""lookback"": 48, ""minutes"": 480, ""regime"": ""none"", ""volume"": 0.0}",1749,-6820.38,-5294.67,-12115.05,1737,-10480.04
78,"{""family"": ""breakout"", ""invert"": false, ""lookback"": 48, ""minutes"": 60, ""regime"": ""trend"", ""volume"": 0.0}",2358,-6931.56,-7202.67,-14134.23,2522,-14699.47
79,"{""family"": ""breakout"", ""invert"": false, ""lookback"": 48, ""minutes"": 240, ""regime"": ""trend"", ""volume"": 0.0}",1826,-5030.81,-5337.36,-10368.17,1835,-10348.93
80,"{""family"": ""breakout"", ""invert"": false, ""lookback"": 48, ""minutes"": 480, ""regime"": ""trend"", ""volume"": 0.0}",1501,-3246.52,-4065.21,-7311.73,1474,-8373.99
81,"{""family"": ""breakout"", ""invert"": true, ""lookback"": 48, ""minutes"": 60, ""regime"": ""trend"", ""volume"": 0.0}",2358,-6791.24,-6427.33,-13218.57,2522,-14555.73
82,"{""family"": ""breakout"", ""invert"": true, ""lookback"": 48, ""minutes"": 240, ""regime"": ""trend"", ""volume"": 0.0}",1826,-5478.79,-5334.64,-10813.43,1835,-10937.07
83,"{""family"": ""breakout"", ""invert"": true, ""lookback"": 48, ""minutes"": 480, ""regime"": ""trend"", ""volume"": 0.0}",1501,-5267.88,-4831.99,-10099.87,1474,-8724.41
84,"{""family"": ""breakout"", ""invert"": false, ""lookback"": 48, ""minutes"": 60, ""regime"": ""counter"", ""volume"": 0.0}",538,-1458.5,-2103.6,-3562.1,601,-3624.52
85,"{""family"": ""breakout"", ""invert"": false, ""lookback"": 48, ""minutes"": 240, ""regime"": ""counter"", ""volume"": 0.0}",468,-934.71,-2049.76,-2984.48,504,-2972.46
86,"{""family"": ""breakout"", ""invert"": false, ""lookback"": 48, ""minutes"": 480, ""regime"": ""counter"", ""volume"": 0.0}",443,-422.15,-1698.32,-2120.46,475,-3239.47
87,"{""family"": ""breakout"", ""invert"": true, ""lookback"": 48, ""minutes"": 60, ""regime"": ""counter"", ""volume"": 0.0}",538,-1731.5,-947.2,-2678.7,601,-3347.08
88,"{""family"": ""breakout"", ""invert"": true, ""lookback"": 48, ""minutes"": 240, ""regime"": ""counter"", ""volume"": 0.0}",468,-1849.29,-595.04,-2444.32,504,-2873.94
89,"{""family"": ""breakout"", ""invert"": true, ""lookback"": 48, ""minutes"": 480, ""regime"": ""counter"", ""volume"": 0.0}",443,-2211.05,-807.28,-3018.34,475,-2270.53
90,"{""family"": ""breakout"", ""invert"": false, ""lookback"": 48, ""minutes"": 60, ""regime"": ""none"", ""volume"": 1.5}",2464,-7243.71,-7675.42,-14919.12,2501,-14564.5
91,"{""family"": ""breakout"", ""invert"": false, ""lookback"": 48, ""minutes"": 240, ""regime"": ""none"", ""volume"": 1.5}",1961,-4947.42,-5958.28,-10905.7,1939,-10949.12
92,"{""family"": ""breakout"", ""invert"": false, ""lookback"": 48, ""minutes"": 480, ""regime"": ""none"", ""volume"": 1.5}",1627,-2591.06,-4424.63,-7015.69,1567,-7877.48
93,"{""family"": ""breakout"", ""invert"": true, ""lookback"": 48, ""minutes"": 60, ""regime"": ""none"", ""volume"": 1.5}",2464,-7117.09,-6546.18,-13663.28,2501,-14447.1
94,"{""family"": ""breakout"", ""invert"": true, ""lookback"": 48, ""minutes"": 240, ""regime"": ""none"", ""volume"": 1.5}",1961,-6246.58,-5595.32,-11841.9,1939,-11543.28
95,"{""family"": ""breakout"", ""invert"": true, ""lookback"": 48, ""minutes"": 480, ""regime"": ""none"", ""volume"": 1.5}",1627,-6549.74,-5307.77,-11857.51,1567,-10299.72
96,"{""family"": ""breakout"", ""invert"": false, ""lookback"": 48, ""minutes"": 60, ""regime"": ""trend"", ""volume"": 1.5}",2027,-6051.98,-6027.21,-12079.18,2051,-11844.43
97,"{""family"": ""breakout"", ""invert"": false, ""lookback"": 48, ""minutes"": 240, ""regime"": ""trend"", ""volume"": 1.5}",1649,-4398.69,-4747.12,-9145.81,1607,-8882.71
98,"{""family"": ""breakout"", ""invert"": false, ""lookback"": 48, ""minutes"": 480, ""regime"": ""trend"", ""volume"": 1.5}",1390,-2480.02,-3560.75,-6040.77,1327,-6999.33
99,"{""family"": ""breakout"", ""invert"": true, ""lookback"": 48, ""minutes"": 60, ""regime"": ""trend"", ""volume"": 1.5}",2027,-5733.62,-5700.39,-11434.02,2051,-11947.17
100,"{""family"": ""breakout"", ""invert"": true, ""lookback"": 48, ""minutes"": 240, ""regime"": ""trend"", ""volume"": 1.5}",1649,-5020.51,-4962.08,-9982.59,1607,-9758.49
101,"{""family"": ""breakout"", ""invert"": true, ""lookback"": 48, ""minutes"": 480, ""regime"": ""trend"", ""volume"": 1.5}",1390,-5303.58,-4779.65,-10083.23,1327,-8393.87
102,"{""family"": ""breakout"", ""invert"": false, ""lookback"": 48, ""minutes"": 60, ""regime"": ""counter"", ""volume"": 1.5}",450,-1227.84,-1634.47,-2862.31,468,-2882.67
103,"{""family"": ""breakout"", ""invert"": false, ""lookback"": 48, ""minutes"": 240, ""regime"": ""counter"", ""volume"": 1.5}",401,-793.72,-1529.11,-2322.83,419,-2541.33
104,"{""family"": ""breakout"", ""invert"": false, ""lookback"": 48, ""minutes"": 480, ""regime"": ""counter"", ""volume"": 1.5}",384,-323.57,-1147.12,-1470.69,401,-2452.45
105,"{""family"": ""breakout"", ""invert"": true, ""lookback"": 48, ""minutes"": 60, ""regime"": ""counter"", ""volume"": 1.5}",450,-1428.56,-929.13,-2357.69,468,-2546.13
106,"{""family"": ""breakout"", ""invert"": true, ""lookback"": 48, ""minutes"": 240, ""regime"": ""counter"", ""volume"": 1.5}",401,-1595.88,-732.89,-2328.77,419,-2319.07
107,"{""family"": ""breakout"", ""invert"": true, ""lookback"": 48, ""minutes"": 480, ""regime"": ""counter"", ""volume"": 1.5}",384,-1950.03,-1033.68,-2983.71,401,-2199.15
108,"{""family"": ""sweep"", ""invert"": false, ""lookback"": 12, ""minutes"": 60, ""regime"": ""none"", ""volume"": 0.0}",8540,-26680.83,-26868.59,-53549.42,7335,-44942.61
109,"{""family"": ""sweep"", ""invert"": false, ""lookback"": 12, ""minutes"": 240, ""regime"": ""none"", ""volume"": 0.0}",4980,-14595.07,-17111.29,-31706.37,4243,-26061.16
110,"{""family"": ""sweep"", ""invert"": false, ""lookback"": 12, ""minutes"": 480, ""regime"": ""none"", ""volume"": 0.0}",3156,-9208.86,-11581.06,-20789.92,2705,-16901.39
111,"{""family"": ""sweep"", ""invert"": true, ""lookback"": 12, ""minutes"": 60, ""regime"": ""none"", ""volume"": 0.0}",8540,-23744.37,-21770.21,-45514.58,7335,-40143.39
112,"{""family"": ""sweep"", ""invert"": true, ""lookback"": 12, ""minutes"": 240, ""regime"": ""none"", ""volume"": 0.0}",4980,-14544.13,-11517.51,-26061.63,4243,-23157.64
113,"{""family"": ""sweep"", ""invert"": true, ""lookback"": 12, ""minutes"": 480, ""regime"": ""none"", ""volume"": 0.0}",3156,-9235.14,-6584.54,-15819.68,2705,-14476.61
114,"{""family"": ""sweep"", ""invert"": false, ""lookback"": 12, ""minutes"": 60, ""regime"": ""trend"", ""volume"": 0.0}",3723,-11847.45,-12716.65,-24564.1,3185,-20095.27
115,"{""family"": ""sweep"", ""invert"": false, ""lookback"": 12, ""minutes"": 240, ""regime"": ""trend"", ""volume"": 0.0}",2785,-7681.15,-10698.63,-18379.79,2372,-15592.34
116,"{""family"": ""sweep"", ""invert"": false, ""lookback"": 12, ""minutes"": 480, ""regime"": ""trend"", ""volume"": 0.0}",2127,-6441.66,-8839.75,-15281.41,1837,-13138.96
117,"{""family"": ""sweep"", ""invert"": true, ""lookback"": 12, ""minutes"": 60, ""regime"": ""trend"", ""volume"": 0.0}",3723,-9879.35,-8743.35,-18622.7,3185,-16850.73
118,"{""family"": ""sweep"", ""invert"": true, ""lookback"": 12, ""minutes"": 240, ""regime"": ""trend"", ""volume"": 0.0}",2785,-8628.45,-5297.77,-13926.21,2372,-11922.86
119,"{""family"": ""sweep"", ""invert"": true, ""lookback"": 12, ""minutes"": 480, ""regime"": ""trend"", ""volume"": 0.0}",2127,-5935.54,-3456.25,-9391.79,1837,-8170.24
120,"{""family"": ""sweep"", ""invert"": false, ""lookback"": 12, ""minutes"": 60, ""regime"": ""counter"", ""volume"": 0.0}",5153,-15846.14,-15191.17,-31037.31,4386,-26298.72
121,"{""family"": ""sweep"", ""invert"": false, ""lookback"": 12, ""minutes"": 240, ""regime"": ""counter"", ""volume"": 0.0}",3585,-11338.59,-10522.27,-21860.86,3038,-16736.3
122,"{""family"": ""sweep"", ""invert"": false, ""lookback"": 12, ""minutes"": 480, ""regime"": ""counter"", ""volume"": 0.0}",2555,-7040.68,-7158.81,-14199.49,2164,-12937.93
123,"{""family"": ""sweep"", ""invert"": true, ""lookback"": 12, ""minutes"": 60, ""regime"": ""counter"", ""volume"": 0.0}",5153,-14812.66,-13924.83,-28737.49,4386,-24578.88
124,"{""family"": ""sweep"", ""invert"": true, ""lookback"": 12, ""minutes"": 240, ""regime"": ""counter"", ""volume"": 0.0}",3585,-9785.01,-9940.13,-19725.14,3038,-18504.5
125,"{""family"": ""sweep"", ""invert"": true, ""lookback"": 12, ""minutes"": 480, ""regime"": ""counter"", ""volume"": 0.0}",2555,-7981.32,-7457.19,-15438.51,2164,-12164.47
126,"{""family"": ""sweep"", ""invert"": false, ""lookback"": 12, ""minutes"": 60, ""regime"": ""none"", ""volume"": 1.5}",4403,-14390.5,-13409.21,-27799.71,3353,-21663.98
127,"{""family"": ""sweep"", ""invert"": false, ""lookback"": 12, ""minutes"": 240, ""regime"": ""none"", ""volume"": 1.5}",3162,-9607.57,-10317.17,-19924.75,2473,-18250.59
128,"{""family"": ""sweep"", ""invert"": false, ""lookback"": 12, ""minutes"": 480, ""regime"": ""none"", ""volume"": 1.5}",2325,-5758.41,-6258.27,-12016.68,1913,-16334.87
129,"{""family"": ""sweep"", ""invert"": true, ""lookback"": 12, ""minutes"": 60, ""regime"": ""none"", ""volume"": 1.5}",4403,-11895.1,-11379.99,-23275.09,3353,-17230.82
130,"{""family"": ""sweep"", ""invert"": true, ""lookback"": 12, ""minutes"": 240, ""regime"": ""none"", ""volume"": 1.5}",3162,-9126.43,-7628.03,-16754.45,2473,-10436.21
131,"{""family"": ""sweep"", ""invert"": true, ""lookback"": 12, ""minutes"": 480, ""regime"": ""none"", ""volume"": 1.5}",2325,-7825.19,-7128.13,-14953.32,1913,-5855.93
132,"{""family"": ""sweep"", ""invert"": false, ""lookback"": 12, ""minutes"": 60, ""regime"": ""trend"", ""volume"": 1.5}",1516,-4972.65,-5086.6,-10059.25,1196,-8024.16
133,"{""family"": ""sweep"", ""invert"": false, ""lookback"": 12, ""minutes"": 240, ""regime"": ""trend"", ""volume"": 1.5}",1304,-3399.74,-4950.76,-8350.5,1036,-8094.3
134,"{""family"": ""sweep"", ""invert"": false, ""lookback"": 12, ""minutes"": 480, ""regime"": ""trend"", ""volume"": 1.5}",1137,-3275.79,-3459.37,-6735.16,923,-7127.95
135,"{""family"": ""sweep"", ""invert"": true, ""lookback"": 12, ""minutes"": 60, ""regime"": ""trend"", ""volume"": 1.5}",1516,-4017.35,-3509.0,-7526.35,1196,-5849.44
136,"{""family"": ""sweep"", ""invert"": true, ""lookback"": 12, ""minutes"": 240, ""regime"": ""trend"", ""volume"": 1.5}",1304,-4267.86,-2508.04,-6775.9,1036,-3923.3
137,"{""family"": ""sweep"", ""invert"": true, ""lookback"": 12, ""minutes"": 480, ""regime"": ""trend"", ""volume"": 1.5}",1137,-3371.01,-3083.03,-6454.04,923,-3578.85
138,"{""family"": ""sweep"", ""invert"": false, ""lookback"": 12, ""minutes"": 60, ""regime"": ""counter"", ""volume"": 1.5}",3054,-10081.92,-8664.45,-18746.37,2291,-14400.11
139,"{""family"": ""sweep"", ""invert"": false, ""lookback"": 12, ""minutes"": 240, ""regime"": ""counter"", ""volume"": 1.5}",2398,-7819.42,-6797.92,-14617.34,1840,-12675.21
140,"{""family"": ""sweep"", ""invert"": false, ""lookback"": 12, ""minutes"": 480, ""regime"": ""counter"", ""volume"": 1.5}",1884,-4952.35,-5007.79,-9960.14,1512,-11403.41
141,"{""family"": ""sweep"", ""invert"": true, ""lookback"": 12, ""minutes"": 60, ""regime"": ""counter"", ""volume"": 1.5}",3054,-8234.48,-8445.55,-16680.03,2291,-12175.49
142,"{""family"": ""sweep"", ""invert"": true, ""lookback"": 12, ""minutes"": 240, ""regime"": ""counter"", ""volume"": 1.5}",2398,-6436.98,-6762.48,-13199.46,1840,-8668.79
143,"{""family"": ""sweep"", ""invert"": true, ""lookback"": 12, ""minutes"": 480, ""regime"": ""counter"", ""volume"": 1.5}",1884,-6102.45,-5791.81,-11894.26,1512,-6135.79
144,"{""family"": ""sweep"", ""invert"": false, ""lookback"": 24, ""minutes"": 60, ""regime"": ""none"", ""volume"": 0.0}",5617,-17705.58,-17254.09,-34959.66,4914,-30610.59
145,"{""family"": ""sweep"", ""invert"": false, ""lookback"": 24, ""minutes"": 240, ""regime"": ""none"", ""volume"": 0.0}",3759,-9690.6,-11384.13,-21074.73,3258,-21795.77
146,"{""family"": ""sweep"", ""invert"": false, ""lookback"": 24, ""minutes"": 480, ""regime"": ""none"", ""volume"": 0.0}",2638,-6840.82,-8058.76,-14899.58,2282,-17218.09
147,"{""family"": ""sweep"", ""invert"": true, ""lookback"": 24, ""minutes"": 60, ""regime"": ""none"", ""volume"": 0.0}",5617,-15644.42,-14553.11,-30197.54,4914,-26391.81
148,"{""family"": ""sweep"", ""invert"": true, ""lookback"": 24, ""minutes"": 240, ""regime"": ""none"", ""volume"": 0.0}",3759,-12430.6,-10099.07,-22529.67,3258,-15997.03
149,"{""family"": ""sweep"", ""invert"": true, ""lookback"": 24, ""minutes"": 480, ""regime"": ""none"", ""volume"": 0.0}",2638,-8552.38,-7148.84,-15701.22,2282,-9253.11
150,"{""family"": ""sweep"", ""invert"": false, ""lookback"": 24, ""minutes"": 60, ""regime"": ""trend"", ""volume"": 0.0}",2066,-6923.79,-7183.11,-14106.9,1762,-11088.18
151,"{""family"": ""sweep"", ""invert"": false, ""lookback"": 24, ""minutes"": 240, ""regime"": ""trend"", ""volume"": 0.0}",1639,-4149.14,-5774.03,-9923.17,1387,-9844.32
152,"{""family"": ""sweep"", ""invert"": false, ""lookback"": 24, ""minutes"": 480, ""regime"": ""trend"", ""volume"": 0.0}",1409,-4198.75,-4547.95,-8746.7,1194,-8435.53
153,"{""family"": ""sweep"", ""invert"": true, ""lookback"": 24, ""minutes"": 60, ""regime"": ""trend"", ""volume"": 0.0}",2066,-5151.81,-4706.89,-9858.7,1762,-9351.02
154,"{""family"": ""sweep"", ""invert"": true, ""lookback"": 24, ""minutes"": 240, ""regime"": ""trend"", ""volume"": 0.0}",1639,-5455.66,-3633.57,-9089.23,1387,-6244.88
155,"{""family"": ""sweep"", ""invert"": true, ""lookback"": 24, ""minutes"": 480, ""regime"": ""trend"", ""volume"": 0.0}",1409,-3944.45,-3653.25,-7597.7,1194,-5414.87
156,"{""family"": ""sweep"", ""invert"": false, ""lookback"": 24, ""minutes"": 60, ""regime"": ""counter"", ""volume"": 0.0}",3671,-11264.73,-10430.57,-21695.31,3241,-19872.11
157,"{""family"": ""sweep"", ""invert"": false, ""lookback"": 24, ""minutes"": 240, ""regime"": ""counter"", ""volume"": 0.0}",2673,-7943.96,-7405.45,-15349.41,2335,-14320.29
158,"{""family"": ""sweep"", ""invert"": false, ""lookback"": 24, ""minutes"": 480, ""regime"": ""counter"", ""volume"": 0.0}",2077,-5519.53,-5514.61,-11034.14,1793,-12112.6
159,"{""family"": ""sweep"", ""invert"": true, ""lookback"": 24, ""minutes"": 60, ""regime"": ""counter"", ""volume"": 0.0}",3671,-10740.47,-10147.83,-20888.29,3241,-17723.49
160,"{""family"": ""sweep"", ""invert"": true, ""lookback"": 24, ""minutes"": 240, ""regime"": ""counter"", ""volume"": 0.0}",2673,-7901.64,-7755.75,-15657.39,2335,-12765.71
161,"{""family"": ""sweep"", ""invert"": true, ""lookback"": 24, ""minutes"": 480, ""regime"": ""counter"", ""volume"": 0.0}",2077,-6683.67,-6375.39,-13059.06,1793,-8686.2
162,"{""family"": ""sweep"", ""invert"": false, ""lookback"": 24, ""minutes"": 60, ""regime"": ""none"", ""volume"": 1.5}",3822,-12532.26,-11184.71,-23716.98,2928,-19221.47
163,"{""family"": ""sweep"", ""invert"": false, ""lookback"": 24, ""minutes"": 240, ""regime"": ""none"", ""volume"": 1.5}",2862,-8003.02,-8604.38,-16607.4,2246,-17403.33
164,"{""family"": ""sweep"", ""invert"": false, ""lookback"": 24, ""minutes"": 480, ""regime"": ""none"", ""volume"": 1.5}",2172,-5144.46,-5848.34,-10992.8,1780,-14200.47
165,"{""family"": ""sweep"", ""invert"": true, ""lookback"": 24, ""minutes"": 60, ""regime"": ""none"", ""volume"": 1.5}",3822,-10598.14,-10020.09,-20618.22,2928,-14743.33
166,"{""family"": ""sweep"", ""invert"": true, ""lookback"": 24, ""minutes"": 240, ""regime"": ""none"", ""volume"": 1.5}",2862,-9176.58,-7415.22,-16591.8,2246,-8650.27
167,"{""family"": ""sweep"", ""invert"": true, ""lookback"": 24, ""minutes"": 480, ""regime"": ""none"", ""volume"": 1.5}",2172,-7661.94,-6540.46,-14202.4,1780,-6447.53
168,"{""family"": ""sweep"", ""invert"": false, ""lookback"": 24, ""minutes"": 60, ""regime"": ""trend"", ""volume"": 1.5}",1218,-4074.16,-4021.0,-8095.16,943,-6234.92
169,"{""family"": ""sweep"", ""invert"": false, ""lookback"": 24, ""minutes"": 240, ""regime"": ""trend"", ""volume"": 1.5}",1066,-2966.64,-3718.49,-6685.13,825,-6821.32
170,"{""family"": ""sweep"", ""invert"": false, ""lookback"": 24, ""minutes"": 480, ""regime"": ""trend"", ""volume"": 1.5}",960,-2850.05,-2684.76,-5534.82,754,-6165.36
171,"{""family"": ""sweep"", ""invert"": true, ""lookback"": 24, ""minutes"": 60, ""regime"": ""trend"", ""volume"": 1.5}",1218,-3233.84,-2799.8,-6033.64,943,-4703.88
172,"{""family"": ""sweep"", ""invert"": true, ""lookback"": 24, ""minutes"": 240, ""regime"": ""trend"", ""volume"": 1.5}",1066,-3355.36,-2325.11,-5680.47,825,-2748.68
173,"{""family"": ""sweep"", ""invert"": true, ""lookback"": 24, ""minutes"": 480, ""regime"": ""trend"", ""volume"": 1.5}",960,-2833.95,-2767.24,-5601.18,754,-2581.04
174,"{""family"": ""sweep"", ""invert"": false, ""lookback"": 24, ""minutes"": 60, ""regime"": ""counter"", ""volume"": 1.5}",2699,-8765.15,-7416.34,-16181.49,2051,-13203.19
175,"{""family"": ""sweep"", ""invert"": false, ""lookback"": 24, ""minutes"": 240, ""regime"": ""counter"", ""volume"": 1.5}",2144,-6671.4,-5780.34,-12451.75,1663,-11683.94
176,"{""family"": ""sweep"", ""invert"": false, ""lookback"": 24, ""minutes"": 480, ""regime"": ""counter"", ""volume"": 1.5}",1730,-4762.71,-4579.93,-9342.64,1395,-9994.77
177,"{""family"": ""sweep"", ""invert"": true, ""lookback"": 24, ""minutes"": 60, ""regime"": ""counter"", ""volume"": 1.5}",2699,-7602.45,-7524.46,-15126.91,2051,-10588.41
178,"{""family"": ""sweep"", ""invert"": true, ""lookback"": 24, ""minutes"": 240, ""regime"": ""counter"", ""volume"": 1.5}",2144,-6216.2,-6202.46,-12418.65,1663,-7606.86
179,"{""family"": ""sweep"", ""invert"": true, ""lookback"": 24, ""minutes"": 480, ""regime"": ""counter"", ""volume"": 1.5}",1730,-5491.69,-5233.67,-10725.36,1395,-6187.23
180,"{""family"": ""sweep"", ""invert"": false, ""lookback"": 48, ""minutes"": 60, ""regime"": ""none"", ""volume"": 0.0}",3562,-11653.47,-10738.84,-22392.31,3254,-20134.19
181,"{""family"": ""sweep"", ""invert"": false, ""lookback"": 48, ""minutes"": 240, ""regime"": ""none"", ""volume"": 0.0}",2551,-7916.46,-7573.85,-15490.31,2308,-14900.88
182,"{""family"": ""sweep"", ""invert"": false, ""lookback"": 48, ""minutes"": 480, ""regime"": ""none"", ""volume"": 0.0}",1980,-6622.17,-6194.92,-12817.09,1759,-13213.0
183,"{""family"": ""sweep"", ""invert"": true, ""lookback"": 48, ""minutes"": 60, ""regime"": ""none"", ""volume"": 0.0}",3562,-9760.13,-9166.76,-18926.89,3254,-17612.21
184,"{""family"": ""sweep"", ""invert"": true, ""lookback"": 48, ""minutes"": 240, ""regime"": ""none"", ""volume"": 0.0}",2551,-7279.54,-6821.75,-14101.29,2308,-11871.92
185,"{""family"": ""sweep"", ""invert"": true, ""lookback"": 48, ""minutes"": 480, ""regime"": ""none"", ""volume"": 0.0}",1980,-5059.03,-5091.88,-10150.91,1759,-7191.4
186,"{""family"": ""sweep"", ""invert"": false, ""lookback"": 48, ""minutes"": 60, ""regime"": ""trend"", ""volume"": 0.0}",886,-3064.4,-3052.04,-6116.44,785,-4973.16
187,"{""family"": ""sweep"", ""invert"": false, ""lookback"": 48, ""minutes"": 240, ""regime"": ""trend"", ""volume"": 0.0}",752,-1963.34,-2496.43,-4459.76,650,-4460.69
188,"{""family"": ""sweep"", ""invert"": false, ""lookback"": 48, ""minutes"": 480, ""regime"": ""trend"", ""volume"": 0.0}",698,-1947.33,-2064.44,-4011.77,599,-4739.64
189,"{""family"": ""sweep"", ""invert"": true, ""lookback"": 48, ""minutes"": 60, ""regime"": ""trend"", ""volume"": 0.0}",886,-2109.2,-2051.96,-4161.16,785,-4132.84
190,"{""family"": ""sweep"", ""invert"": true, ""lookback"": 48, ""minutes"": 240, ""regime"": ""trend"", ""volume"": 0.0}",752,-2363.46,-1899.97,-4263.44,650,-3079.31
191,"{""family"": ""sweep"", ""invert"": true, ""lookback"": 48, ""minutes"": 480, ""regime"": ""trend"", ""volume"": 0.0}",698,-2043.07,-2041.96,-4085.03,599,-2208.76
192,"{""family"": ""sweep"", ""invert"": false, ""lookback"": 48, ""minutes"": 60, ""regime"": ""counter"", ""volume"": 0.0}",2729,-8842.08,-7836.79,-16678.87,2499,-15272.69
193,"{""family"": ""sweep"", ""invert"": false, ""lookback"": 48, ""minutes"": 240, ""regime"": ""counter"", ""volume"": 0.0}",2042,-6961.43,-5816.56,-12777.99,1834,-11026.66
194,"{""family"": ""sweep"", ""invert"": false, ""lookback"": 48, ""minutes"": 480, ""regime"": ""counter"", ""volume"": 0.0}",1651,-5437.58,-5092.34,-10529.92,1459,-9565.58
195,"{""family"": ""sweep"", ""invert"": true, ""lookback"": 48, ""minutes"": 60, ""regime"": ""counter"", ""volume"": 0.0}",2729,-7664.72,-7312.81,-14977.53,2499,-13715.71
196,"{""family"": ""sweep"", ""invert"": true, ""lookback"": 48, ""minutes"": 240, ""regime"": ""counter"", ""volume"": 0.0}",2042,-5311.37,-5597.84,-10909.21,1834,-10247.74
197,"{""family"": ""sweep"", ""invert"": true, ""lookback"": 48, ""minutes"": 480, ""regime"": ""counter"", ""volume"": 0.0}",1651,-4376.02,-4245.66,-8621.68,1459,-7358.82
198,"{""family"": ""sweep"", ""invert"": false, ""lookback"": 48, ""minutes"": 60, ""regime"": ""none"", ""volume"": 1.5}",2716,-9151.46,-7838.39,-16989.85,2158,-13609.29
199,"{""family"": ""sweep"", ""invert"": false, ""lookback"": 48, ""minutes"": 240, ""regime"": ""none"", ""volume"": 1.5}",2142,-7035.69,-5915.38,-12951.07,1735,-12037.53
200,"{""family"": ""sweep"", ""invert"": false, ""lookback"": 48, ""minutes"": 480, ""regime"": ""none"", ""volume"": 1.5}",1727,-5799.33,-4518.05,-10317.38,1439,-10714.13
201,"{""family"": ""sweep"", ""invert"": true, ""lookback"": 48, ""minutes"": 60, ""regime"": ""none"", ""volume"": 1.5}",2716,-7343.74,-7172.01,-14515.75,2158,-11423.51
202,"{""family"": ""sweep"", ""invert"": true, ""lookback"": 48, ""minutes"": 240, ""regime"": ""none"", ""volume"": 1.5}",2142,-5863.51,-6032.62,-11896.13,1735,-8088.47
203,"{""family"": ""sweep"", ""invert"": true, ""lookback"": 48, ""minutes"": 480, ""regime"": ""none"", ""volume"": 1.5}",1727,-4478.27,-5237.55,-9715.82,1439,-5978.27
204,"{""family"": ""sweep"", ""invert"": false, ""lookback"": 48, ""minutes"": 60, ""regime"": ""trend"", ""volume"": 1.5}",666,-2205.66,-2110.7,-4316.36,519,-3311.74
205,"{""family"": ""sweep"", ""invert"": false, ""lookback"": 48, ""minutes"": 240, ""regime"": ""trend"", ""volume"": 1.5}",602,-1516.51,-1841.64,-3358.14,463,-3605.97
206,"{""family"": ""sweep"", ""invert"": false, ""lookback"": 48, ""minutes"": 480, ""regime"": ""trend"", ""volume"": 1.5}",568,-1429.06,-1356.7,-2785.76,440,-3592.79
207,"{""family"": ""sweep"", ""invert"": true, ""lookback"": 48, ""minutes"": 60, ""regime"": ""trend"", ""volume"": 1.5}",666,-1761.54,-1647.7,-3409.24,519,-2708.66
208,"{""family"": ""sweep"", ""invert"": true, ""lookback"": 48, ""minutes"": 240, ""regime"": ""trend"", ""volume"": 1.5}",602,-2021.49,-1603.56,-3625.06,463,-1764.83
209,"{""family"": ""sweep"", ""invert"": true, ""lookback"": 48, ""minutes"": 480, ""regime"": ""trend"", ""volume"": 1.5}",568,-1888.54,-1914.5,-3803.04,440,-1511.21
210,"{""family"": ""sweep"", ""invert"": false, ""lookback"": 48, ""minutes"": 60, ""regime"": ""counter"", ""volume"": 1.5}",2088,-7131.83,-5782.44,-12914.26,1663,-10362.42
211,"{""family"": ""sweep"", ""invert"": false, ""lookback"": 48, ""minutes"": 240, ""regime"": ""counter"", ""volume"": 1.5}",1712,-6232.05,-4292.99,-10525.04,1373,-8758.72
212,"{""family"": ""sweep"", ""invert"": false, ""lookback"": 48, ""minutes"": 480, ""regime"": ""counter"", ""volume"": 1.5}",1426,-5023.75,-3850.08,-8873.83,1178,-7298.09
213,"{""family"": ""sweep"", ""invert"": true, ""lookback"": 48, ""minutes"": 60, ""regime"": ""counter"", ""volume"": 1.5}",2088,-5593.37,-5713.16,-11306.54,1663,-8928.38
214,"{""family"": ""sweep"", ""invert"": true, ""lookback"": 48, ""minutes"": 240, ""regime"": ""counter"", ""volume"": 1.5}",1712,-4103.55,-5230.61,-9334.16,1373,-7168.08
215,"{""family"": ""sweep"", ""invert"": true, ""lookback"": 48, ""minutes"": 480, ""regime"": ""counter"", ""volume"": 1.5}",1426,-3525.45,-4142.32,-7667.77,1178,-6366.71
216,"{""family"": ""pullback"", ""invert"": false, ""lookback"": 12, ""minutes"": 60, ""regime"": ""none"", ""volume"": 0.0}",23621,-70173.87,-69093.75,-139267.62,20314,-121197.0
217,"{""family"": ""pullback"", ""invert"": false, ""lookback"": 12, ""minutes"": 240, ""regime"": ""none"", ""volume"": 0.0}",7831,-22740.75,-23537.89,-46278.64,6723,-41178.12
218,"{""family"": ""pullback"", ""invert"": false, ""lookback"": 12, ""minutes"": 480, ""regime"": ""none"", ""volume"": 0.0}",4130,-11950.94,-12988.63,-24939.57,3553,-21947.56
219,"{""family"": ""pullback"", ""invert"": true, ""lookback"": 12, ""minutes"": 60, ""regime"": ""none"", ""volume"": 0.0}",23621,-66914.93,-67821.05,-134735.98,20314,-114445.4
220,"{""family"": ""pullback"", ""invert"": true, ""lookback"": 12, ""minutes"": 240, ""regime"": ""none"", ""volume"": 0.0}",7831,-22766.05,-21794.91,-44560.96,6723,-36808.68
221,"{""family"": ""pullback"", ""invert"": true, ""lookback"": 12, ""minutes"": 480, ""regime"": ""none"", ""volume"": 0.0}",4130,-11991.46,-10976.97,-22968.43,3553,-19267.24
222,"{""family"": ""pullback"", ""invert"": false, ""lookback"": 12, ""minutes"": 60, ""regime"": ""trend"", ""volume"": 0.0}",23621,-70173.87,-69093.75,-139267.62,20314,-121197.0
223,"{""family"": ""pullback"", ""invert"": false, ""lookback"": 12, ""minutes"": 240, ""regime"": ""trend"", ""volume"": 0.0}",7831,-22740.75,-23537.89,-46278.64,6723,-41178.12
224,"{""family"": ""pullback"", ""invert"": false, ""lookback"": 12, ""minutes"": 480, ""regime"": ""trend"", ""volume"": 0.0}",4130,-11950.94,-12988.63,-24939.57,3553,-21947.56
225,"{""family"": ""pullback"", ""invert"": true, ""lookback"": 12, ""minutes"": 60, ""regime"": ""trend"", ""volume"": 0.0}",23621,-66914.93,-67821.05,-134735.98,20314,-114445.4
226,"{""family"": ""pullback"", ""invert"": true, ""lookback"": 12, ""minutes"": 240, ""regime"": ""trend"", ""volume"": 0.0}",7831,-22766.05,-21794.91,-44560.96,6723,-36808.68
227,"{""family"": ""pullback"", ""invert"": true, ""lookback"": 12, ""minutes"": 480, ""regime"": ""trend"", ""volume"": 0.0}",4130,-11991.46,-10976.97,-22968.43,3553,-19267.24
228,"{""family"": ""pullback"", ""invert"": false, ""lookback"": 12, ""minutes"": 60, ""regime"": ""counter"", ""volume"": 0.0}",0,0.0,0.0,0.0,0,0.0
229,"{""family"": ""pullback"", ""invert"": false, ""lookback"": 12, ""minutes"": 240, ""regime"": ""counter"", ""volume"": 0.0}",0,0.0,0.0,0.0,0,0.0
230,"{""family"": ""pullback"", ""invert"": false, ""lookback"": 12, ""minutes"": 480, ""regime"": ""counter"", ""volume"": 0.0}",0,0.0,0.0,0.0,0,0.0
231,"{""family"": ""pullback"", ""invert"": true, ""lookback"": 12, ""minutes"": 60, ""regime"": ""counter"", ""volume"": 0.0}",0,0.0,0.0,0.0,0,0.0
232,"{""family"": ""pullback"", ""invert"": true, ""lookback"": 12, ""minutes"": 240, ""regime"": ""counter"", ""volume"": 0.0}",0,0.0,0.0,0.0,0,0.0
233,"{""family"": ""pullback"", ""invert"": true, ""lookback"": 12, ""minutes"": 480, ""regime"": ""counter"", ""volume"": 0.0}",0,0.0,0.0,0.0,0,0.0
234,"{""family"": ""pullback"", ""invert"": false, ""lookback"": 12, ""minutes"": 60, ""regime"": ""none"", ""volume"": 1.5}",4058,-11675.49,-12499.96,-24175.45,3557,-21623.1
235,"{""family"": ""pullback"", ""invert"": false, ""lookback"": 12, ""minutes"": 240, ""regime"": ""none"", ""volume"": 1.5}",2961,-8441.95,-10072.44,-18514.4,2583,-15875.77
236,"{""family"": ""pullback"", ""invert"": false, ""lookback"": 12, ""minutes"": 480, ""regime"": ""none"", ""volume"": 1.5}",2250,-6457.12,-7675.02,-14132.15,1969,-11382.81
237,"{""family"": ""pullback"", ""invert"": true, ""lookback"": 12, ""minutes"": 60, ""regime"": ""none"", ""volume"": 1.5}",4058,-11594.11,-11303.24,-22897.35,3557,-19638.1
238,"{""family"": ""pullback"", ""invert"": true, ""lookback"": 12, ""minutes"": 240, ""regime"": ""none"", ""volume"": 1.5}",2961,-8459.25,-7373.96,-15833.2,2583,-14087.03
239,"{""family"": ""pullback"", ""invert"": true, ""lookback"": 12, ""minutes"": 480, ""regime"": ""none"", ""volume"": 1.5}",2250,-6291.28,-5676.58,-11967.85,1969,-11457.59
240,"{""family"": ""pullback"", ""invert"": false, ""lookback"": 12, ""minutes"": 60, ""regime"": ""trend"", ""volume"": 1.5}",4058,-11675.49,-12499.96,-24175.45,3557,-21623.1
241,"{""family"": ""pullback"", ""invert"": false, ""lookback"": 12, ""minutes"": 240, ""regime"": ""trend"", ""volume"": 1.5}",2961,-8441.95,-10072.44,-18514.4,2583,-15875.77
242,"{""family"": ""pullback"", ""invert"": false, ""lookback"": 12, ""minutes"": 480, ""regime"": ""trend"", ""volume"": 1.5}",2250,-6457.12,-7675.02,-14132.15,1969,-11382.81
243,"{""family"": ""pullback"", ""invert"": true, ""lookback"": 12, ""minutes"": 60, ""regime"": ""trend"", ""volume"": 1.5}",4058,-11594.11,-11303.24,-22897.35,3557,-19638.1
244,"{""family"": ""pullback"", ""invert"": true, ""lookback"": 12, ""minutes"": 240, ""regime"": ""trend"", ""volume"": 1.5}",2961,-8459.25,-7373.96,-15833.2,2583,-14087.03
245,"{""family"": ""pullback"", ""invert"": true, ""lookback"": 12, ""minutes"": 480, ""regime"": ""trend"", ""volume"": 1.5}",2250,-6291.28,-5676.58,-11967.85,1969,-11457.59
246,"{""family"": ""pullback"", ""invert"": false, ""lookback"": 12, ""minutes"": 60, ""regime"": ""counter"", ""volume"": 1.5}",0,0.0,0.0,0.0,0,0.0
247,"{""family"": ""pullback"", ""invert"": false, ""lookback"": 12, ""minutes"": 240, ""regime"": ""counter"", ""volume"": 1.5}",0,0.0,0.0,0.0,0,0.0
248,"{""family"": ""pullback"", ""invert"": false, ""lookback"": 12, ""minutes"": 480, ""regime"": ""counter"", ""volume"": 1.5}",0,0.0,0.0,0.0,0,0.0
249,"{""family"": ""pullback"", ""invert"": true, ""lookback"": 12, ""minutes"": 60, ""regime"": ""counter"", ""volume"": 1.5}",0,0.0,0.0,0.0,0,0.0
250,"{""family"": ""pullback"", ""invert"": true, ""lookback"": 12, ""minutes"": 240, ""regime"": ""counter"", ""volume"": 1.5}",0,0.0,0.0,0.0,0,0.0
251,"{""family"": ""pullback"", ""invert"": true, ""lookback"": 12, ""minutes"": 480, ""regime"": ""counter"", ""volume"": 1.5}",0,0.0,0.0,0.0,0,0.0
252,"{""family"": ""pullback"", ""invert"": false, ""lookback"": 24, ""minutes"": 60, ""regime"": ""none"", ""volume"": 0.0}",23621,-70173.87,-69093.75,-139267.62,20314,-121197.0
253,"{""family"": ""pullback"", ""invert"": false, ""lookback"": 24, ""minutes"": 240, ""regime"": ""none"", ""volume"": 0.0}",7831,-22740.75,-23537.89,-46278.64,6723,-41178.12
254,"{""family"": ""pullback"", ""invert"": false, ""lookback"": 24, ""minutes"": 480, ""regime"": ""none"", ""volume"": 0.0}",4130,-11950.94,-12988.63,-24939.57,3553,-21947.56
255,"{""family"": ""pullback"", ""invert"": true, ""lookback"": 24, ""minutes"": 60, ""regime"": ""none"", ""volume"": 0.0}",23621,-66914.93,-67821.05,-134735.98,20314,-114445.4
256,"{""family"": ""pullback"", ""invert"": true, ""lookback"": 24, ""minutes"": 240, ""regime"": ""none"", ""volume"": 0.0}",7831,-22766.05,-21794.91,-44560.96,6723,-36808.68
257,"{""family"": ""pullback"", ""invert"": true, ""lookback"": 24, ""minutes"": 480, ""regime"": ""none"", ""volume"": 0.0}",4130,-11991.46,-10976.97,-22968.43,3553,-19267.24
258,"{""family"": ""pullback"", ""invert"": false, ""lookback"": 24, ""minutes"": 60, ""regime"": ""trend"", ""volume"": 0.0}",23621,-70173.87,-69093.75,-139267.62,20314,-121197.0
259,"{""family"": ""pullback"", ""invert"": false, ""lookback"": 24, ""minutes"": 240, ""regime"": ""trend"", ""volume"": 0.0}",7831,-22740.75,-23537.89,-46278.64,6723,-41178.12
260,"{""family"": ""pullback"", ""invert"": false, ""lookback"": 24, ""minutes"": 480, ""regime"": ""trend"", ""volume"": 0.0}",4130,-11950.94,-12988.63,-24939.57,3553,-21947.56
261,"{""family"": ""pullback"", ""invert"": true, ""lookback"": 24, ""minutes"": 60, ""regime"": ""trend"", ""volume"": 0.0}",23621,-66914.93,-67821.05,-134735.98,20314,-114445.4
262,"{""family"": ""pullback"", ""invert"": true, ""lookback"": 24, ""minutes"": 240, ""regime"": ""trend"", ""volume"": 0.0}",7831,-22766.05,-21794.91,-44560.96,6723,-36808.68
263,"{""family"": ""pullback"", ""invert"": true, ""lookback"": 24, ""minutes"": 480, ""regime"": ""trend"", ""volume"": 0.0}",4130,-11991.46,-10976.97,-22968.43,3553,-19267.24
264,"{""family"": ""pullback"", ""invert"": false, ""lookback"": 24, ""minutes"": 60, ""regime"": ""counter"", ""volume"": 0.0}",0,0.0,0.0,0.0,0,0.0
265,"{""family"": ""pullback"", ""invert"": false, ""lookback"": 24, ""minutes"": 240, ""regime"": ""counter"", ""volume"": 0.0}",0,0.0,0.0,0.0,0,0.0
266,"{""family"": ""pullback"", ""invert"": false, ""lookback"": 24, ""minutes"": 480, ""regime"": ""counter"", ""volume"": 0.0}",0,0.0,0.0,0.0,0,0.0
267,"{""family"": ""pullback"", ""invert"": true, ""lookback"": 24, ""minutes"": 60, ""regime"": ""counter"", ""volume"": 0.0}",0,0.0,0.0,0.0,0,0.0
268,"{""family"": ""pullback"", ""invert"": true, ""lookback"": 24, ""minutes"": 240, ""regime"": ""counter"", ""volume"": 0.0}",0,0.0,0.0,0.0,0,0.0
269,"{""family"": ""pullback"", ""invert"": true, ""lookback"": 24, ""minutes"": 480, ""regime"": ""counter"", ""volume"": 0.0}",0,0.0,0.0,0.0,0,0.0
270,"{""family"": ""pullback"", ""invert"": false, ""lookback"": 24, ""minutes"": 60, ""regime"": ""none"", ""volume"": 1.5}",4058,-11675.49,-12499.96,-24175.45,3557,-21623.1
271,"{""family"": ""pullback"", ""invert"": false, ""lookback"": 24, ""minutes"": 240, ""regime"": ""none"", ""volume"": 1.5}",2961,-8441.95,-10072.44,-18514.4,2583,-15875.77
272,"{""family"": ""pullback"", ""invert"": false, ""lookback"": 24, ""minutes"": 480, ""regime"": ""none"", ""volume"": 1.5}",2250,-6457.12,-7675.02,-14132.15,1969,-11382.81
273,"{""family"": ""pullback"", ""invert"": true, ""lookback"": 24, ""minutes"": 60, ""regime"": ""none"", ""volume"": 1.5}",4058,-11594.11,-11303.24,-22897.35,3557,-19638.1
274,"{""family"": ""pullback"", ""invert"": true, ""lookback"": 24, ""minutes"": 240, ""regime"": ""none"", ""volume"": 1.5}",2961,-8459.25,-7373.96,-15833.2,2583,-14087.03
275,"{""family"": ""pullback"", ""invert"": true, ""lookback"": 24, ""minutes"": 480, ""regime"": ""none"", ""volume"": 1.5}",2250,-6291.28,-5676.58,-11967.85,1969,-11457.59
276,"{""family"": ""pullback"", ""invert"": false, ""lookback"": 24, ""minutes"": 60, ""regime"": ""trend"", ""volume"": 1.5}",4058,-11675.49,-12499.96,-24175.45,3557,-21623.1
277,"{""family"": ""pullback"", ""invert"": false, ""lookback"": 24, ""minutes"": 240, ""regime"": ""trend"", ""volume"": 1.5}",2961,-8441.95,-10072.44,-18514.4,2583,-15875.77
278,"{""family"": ""pullback"", ""invert"": false, ""lookback"": 24, ""minutes"": 480, ""regime"": ""trend"", ""volume"": 1.5}",2250,-6457.12,-7675.02,-14132.15,1969,-11382.81
279,"{""family"": ""pullback"", ""invert"": true, ""lookback"": 24, ""minutes"": 60, ""regime"": ""trend"", ""volume"": 1.5}",4058,-11594.11,-11303.24,-22897.35,3557,-19638.1
280,"{""family"": ""pullback"", ""invert"": true, ""lookback"": 24, ""minutes"": 240, ""regime"": ""trend"", ""volume"": 1.5}",2961,-8459.25,-7373.96,-15833.2,2583,-14087.03
281,"{""family"": ""pullback"", ""invert"": true, ""lookback"": 24, ""minutes"": 480, ""regime"": ""trend"", ""volume"": 1.5}",2250,-6291.28,-5676.58,-11967.85,1969,-11457.59
282,"{""family"": ""pullback"", ""invert"": false, ""lookback"": 24, ""minutes"": 60, ""regime"": ""counter"", ""volume"": 1.5}",0,0.0,0.0,0.0,0,0.0
283,"{""family"": ""pullback"", ""invert"": false, ""lookback"": 24, ""minutes"": 240, ""regime"": ""counter"", ""volume"": 1.5}",0,0.0,0.0,0.0,0,0.0
284,"{""family"": ""pullback"", ""invert"": false, ""lookback"": 24, ""minutes"": 480, ""regime"": ""counter"", ""volume"": 1.5}",0,0.0,0.0,0.0,0,0.0
285,"{""family"": ""pullback"", ""invert"": true, ""lookback"": 24, ""minutes"": 60, ""regime"": ""counter"", ""volume"": 1.5}",0,0.0,0.0,0.0,0,0.0
286,"{""family"": ""pullback"", ""invert"": true, ""lookback"": 24, ""minutes"": 240, ""regime"": ""counter"", ""volume"": 1.5}",0,0.0,0.0,0.0,0,0.0
287,"{""family"": ""pullback"", ""invert"": true, ""lookback"": 24, ""minutes"": 480, ""regime"": ""counter"", ""volume"": 1.5}",0,0.0,0.0,0.0,0,0.0
288,"{""family"": ""pullback"", ""invert"": false, ""lookback"": 48, ""minutes"": 60, ""regime"": ""none"", ""volume"": 0.0}",23621,-70173.87,-69093.75,-139267.62,20314,-121197.0
289,"{""family"": ""pullback"", ""invert"": false, ""lookback"": 48, ""minutes"": 240, ""regime"": ""none"", ""volume"": 0.0}",7831,-22740.75,-23537.89,-46278.64,6723,-41178.12
290,"{""family"": ""pullback"", ""invert"": false, ""lookback"": 48, ""minutes"": 480, ""regime"": ""none"", ""volume"": 0.0}",4130,-11950.94,-12988.63,-24939.57,3553,-21947.56
291,"{""family"": ""pullback"", ""invert"": true, ""lookback"": 48, ""minutes"": 60, ""regime"": ""none"", ""volume"": 0.0}",23621,-66914.93,-67821.05,-134735.98,20314,-114445.4
292,"{""family"": ""pullback"", ""invert"": true, ""lookback"": 48, ""minutes"": 240, ""regime"": ""none"", ""volume"": 0.0}",7831,-22766.05,-21794.91,-44560.96,6723,-36808.68
293,"{""family"": ""pullback"", ""invert"": true, ""lookback"": 48, ""minutes"": 480, ""regime"": ""none"", ""volume"": 0.0}",4130,-11991.46,-10976.97,-22968.43,3553,-19267.24
294,"{""family"": ""pullback"", ""invert"": false, ""lookback"": 48, ""minutes"": 60, ""regime"": ""trend"", ""volume"": 0.0}",23621,-70173.87,-69093.75,-139267.62,20314,-121197.0
295,"{""family"": ""pullback"", ""invert"": false, ""lookback"": 48, ""minutes"": 240, ""regime"": ""trend"", ""volume"": 0.0}",7831,-22740.75,-23537.89,-46278.64,6723,-41178.12
296,"{""family"": ""pullback"", ""invert"": false, ""lookback"": 48, ""minutes"": 480, ""regime"": ""trend"", ""volume"": 0.0}",4130,-11950.94,-12988.63,-24939.57,3553,-21947.56
297,"{""family"": ""pullback"", ""invert"": true, ""lookback"": 48, ""minutes"": 60, ""regime"": ""trend"", ""volume"": 0.0}",23621,-66914.93,-67821.05,-134735.98,20314,-114445.4
298,"{""family"": ""pullback"", ""invert"": true, ""lookback"": 48, ""minutes"": 240, ""regime"": ""trend"", ""volume"": 0.0}",7831,-22766.05,-21794.91,-44560.96,6723,-36808.68
299,"{""family"": ""pullback"", ""invert"": true, ""lookback"": 48, ""minutes"": 480, ""regime"": ""trend"", ""volume"": 0.0}",4130,-11991.46,-10976.97,-22968.43,3553,-19267.24
300,"{""family"": ""pullback"", ""invert"": false, ""lookback"": 48, ""minutes"": 60, ""regime"": ""counter"", ""volume"": 0.0}",0,0.0,0.0,0.0,0,0.0
301,"{""family"": ""pullback"", ""invert"": false, ""lookback"": 48, ""minutes"": 240, ""regime"": ""counter"", ""volume"": 0.0}",0,0.0,0.0,0.0,0,0.0
302,"{""family"": ""pullback"", ""invert"": false, ""lookback"": 48, ""minutes"": 480, ""regime"": ""counter"", ""volume"": 0.0}",0,0.0,0.0,0.0,0,0.0
303,"{""family"": ""pullback"", ""invert"": true, ""lookback"": 48, ""minutes"": 60, ""regime"": ""counter"", ""volume"": 0.0}",0,0.0,0.0,0.0,0,0.0
304,"{""family"": ""pullback"", ""invert"": true, ""lookback"": 48, ""minutes"": 240, ""regime"": ""counter"", ""volume"": 0.0}",0,0.0,0.0,0.0,0,0.0
305,"{""family"": ""pullback"", ""invert"": true, ""lookback"": 48, ""minutes"": 480, ""regime"": ""counter"", ""volume"": 0.0}",0,0.0,0.0,0.0,0,0.0
306,"{""family"": ""pullback"", ""invert"": false, ""lookback"": 48, ""minutes"": 60, ""regime"": ""none"", ""volume"": 1.5}",4058,-11675.49,-12499.96,-24175.45,3557,-21623.1
307,"{""family"": ""pullback"", ""invert"": false, ""lookback"": 48, ""minutes"": 240, ""regime"": ""none"", ""volume"": 1.5}",2961,-8441.95,-10072.44,-18514.4,2583,-15875.77
308,"{""family"": ""pullback"", ""invert"": false, ""lookback"": 48, ""minutes"": 480, ""regime"": ""none"", ""volume"": 1.5}",2250,-6457.12,-7675.02,-14132.15,1969,-11382.81
309,"{""family"": ""pullback"", ""invert"": true, ""lookback"": 48, ""minutes"": 60, ""regime"": ""none"", ""volume"": 1.5}",4058,-11594.11,-11303.24,-22897.35,3557,-19638.1
310,"{""family"": ""pullback"", ""invert"": true, ""lookback"": 48, ""minutes"": 240, ""regime"": ""none"", ""volume"": 1.5}",2961,-8459.25,-7373.96,-15833.2,2583,-14087.03
311,"{""family"": ""pullback"", ""invert"": true, ""lookback"": 48, ""minutes"": 480, ""regime"": ""none"", ""volume"": 1.5}",2250,-6291.28,-5676.58,-11967.85,1969,-11457.59
312,"{""family"": ""pullback"", ""invert"": false, ""lookback"": 48, ""minutes"": 60, ""regime"": ""trend"", ""volume"": 1.5}",4058,-11675.49,-12499.96,-24175.45,3557,-21623.1
313,"{""family"": ""pullback"", ""invert"": false, ""lookback"": 48, ""minutes"": 240, ""regime"": ""trend"", ""volume"": 1.5}",2961,-8441.95,-10072.44,-18514.4,2583,-15875.77
314,"{""family"": ""pullback"", ""invert"": false, ""lookback"": 48, ""minutes"": 480, ""regime"": ""trend"", ""volume"": 1.5}",2250,-6457.12,-7675.02,-14132.15,1969,-11382.81
315,"{""family"": ""pullback"", ""invert"": true, ""lookback"": 48, ""minutes"": 60, ""regime"": ""trend"", ""volume"": 1.5}",4058,-11594.11,-11303.24,-22897.35,3557,-19638.1
316,"{""family"": ""pullback"", ""invert"": true, ""lookback"": 48, ""minutes"": 240, ""regime"": ""trend"", ""volume"": 1.5}",2961,-8459.25,-7373.96,-15833.2,2583,-14087.03
317,"{""family"": ""pullback"", ""invert"": true, ""lookback"": 48, ""minutes"": 480, ""regime"": ""trend"", ""volume"": 1.5}",2250,-6291.28,-5676.58,-11967.85,1969,-11457.59
318,"{""family"": ""pullback"", ""invert"": false, ""lookback"": 48, ""minutes"": 60, ""regime"": ""counter"", ""volume"": 1.5}",0,0.0,0.0,0.0,0,0.0
319,"{""family"": ""pullback"", ""invert"": false, ""lookback"": 48, ""minutes"": 240, ""regime"": ""counter"", ""volume"": 1.5}",0,0.0,0.0,0.0,0,0.0
320,"{""family"": ""pullback"", ""invert"": false, ""lookback"": 48, ""minutes"": 480, ""regime"": ""counter"", ""volume"": 1.5}",0,0.0,0.0,0.0,0,0.0
321,"{""family"": ""pullback"", ""invert"": true, ""lookback"": 48, ""minutes"": 60, ""regime"": ""counter"", ""volume"": 1.5}",0,0.0,0.0,0.0,0,0.0
322,"{""family"": ""pullback"", ""invert"": true, ""lookback"": 48, ""minutes"": 240, ""regime"": ""counter"", ""volume"": 1.5}",0,0.0,0.0,0.0,0,0.0
323,"{""family"": ""pullback"", ""invert"": true, ""lookback"": 48, ""minutes"": 480, ""regime"": ""counter"", ""volume"": 1.5}",0,0.0,0.0,0.0,0,0.0
324,"{""family"": ""impulse"", ""invert"": false, ""lookback"": 12, ""minutes"": 60, ""regime"": ""none"", ""volume"": 0.0}",12205,-35283.47,-34460.54,-69744.01,10895,-62259.08
325,"{""family"": ""impulse"", ""invert"": false, ""lookback"": 12, ""minutes"": 240, ""regime"": ""none"", ""volume"": 0.0}",6002,-16326.88,-17072.29,-33399.17,5193,-27462.82
326,"{""family"": ""impulse"", ""invert"": false, ""lookback"": 12, ""minutes"": 480, ""regime"": ""none"", ""volume"": 0.0}",3551,-11324.43,-10252.35,-21576.78,3072,-16912.18
327,"{""family"": ""impulse"", ""invert"": true, ""lookback"": 12, ""minutes"": 60, ""regime"": ""none"", ""volume"": 0.0}",12205,-36833.73,-35000.26,-71833.99,10895,-64122.92
328,"{""family"": ""impulse"", ""invert"": true, ""lookback"": 12, ""minutes"": 240, ""regime"": ""none"", ""volume"": 0.0}",6002,-18623.92,-17600.11,-36224.03,5193,-32775.98
329,"{""family"": ""impulse"", ""invert"": true, ""lookback"": 12, ""minutes"": 480, ""regime"": ""none"", ""volume"": 0.0}",3551,-9242.37,-10372.45,-19614.82,3072,-18723.02
330,"{""family"": ""impulse"", ""invert"": false, ""lookback"": 12, ""minutes"": 60, ""regime"": ""trend"", ""volume"": 0.0}",7893,-22865.62,-22396.95,-45262.57,7205,-42087.84
331,"{""family"": ""impulse"", ""invert"": false, ""lookback"": 12, ""minutes"": 240, ""regime"": ""trend"", ""volume"": 0.0}",4773,-13003.39,-14541.52,-27544.91,4191,-24617.64
332,"{""family"": ""impulse"", ""invert"": false, ""lookback"": 12, ""minutes"": 480, ""regime"": ""trend"", ""volume"": 0.0}",3105,-9229.27,-9853.27,-19082.54,2692,-17253.6
333,"{""family"": ""impulse"", ""invert"": true, ""lookback"": 12, ""minutes"": 60, ""regime"": ""trend"", ""volume"": 0.0}",7893,-24149.18,-22147.05,-46296.23,7205,-41490.16
334,"{""family"": ""impulse"", ""invert"": true, ""lookback"": 12, ""minutes"": 240, ""regime"": ""trend"", ""volume"": 0.0}",4773,-15080.21,-12741.68,-27821.89,4191,-23997.96
335,"{""family"": ""impulse"", ""invert"": true, ""lookback"": 12, ""minutes"": 480, ""regime"": ""trend"", ""volume"": 0.0}",3105,-8936.33,-7999.13,-16935.46,2692,-13973.6
336,"{""family"": ""impulse"", ""invert"": false, ""lookback"": 12, ""minutes"": 60, ""regime"": ""counter"", ""volume"": 0.0}",6894,-20103.15,-19236.42,-39339.57,5994,-33173.53
337,"{""family"": ""impulse"", ""invert"": false, ""lookback"": 12, ""minutes"": 240, ""regime"": ""counter"", ""volume"": 0.0}",4375,-11675.89,-10217.64,-21893.52,3791,-18589.17
338,"{""family"": ""impulse"", ""invert"": false, ""lookback"": 12, ""minutes"": 480, ""regime"": ""counter"", ""volume"": 0.0}",2910,-8126.91,-6921.81,-15048.72,2518,-12911.3
339,"{""family"": ""impulse"", ""invert"": true, ""lookback"": 12, ""minutes"": 60, ""regime"": ""counter"", ""volume"": 0.0}",6894,-20322.85,-20307.98,-40630.83,5994,-36356.87
340,"{""family"": ""impulse"", ""invert"": true, ""lookback"": 12, ""minutes"": 240, ""regime"": ""counter"", ""volume"": 0.0}",4375,-13913.71,-14942.76,-28856.48,3791,-25386.43
341,"{""family"": ""impulse"", ""invert"": true, ""lookback"": 12, ""minutes"": 480, ""regime"": ""counter"", ""volume"": 0.0}",2910,-8832.29,-9874.99,-18707.28,2518,-16297.5
342,"{""family"": ""impulse"", ""invert"": false, ""lookback"": 12, ""minutes"": 60, ""regime"": ""none"", ""volume"": 1.5}",5631,-16817.32,-15813.73,-32631.05,5203,-29768.85
343,"{""family"": ""impulse"", ""invert"": false, ""lookback"": 12, ""minutes"": 240, ""regime"": ""none"", ""volume"": 1.5}",3719,-11857.45,-11435.59,-23293.04,3322,-16667.31
344,"{""family"": ""impulse"", ""invert"": false, ""lookback"": 12, ""minutes"": 480, ""regime"": ""none"", ""volume"": 1.5}",2637,-9836.29,-8875.67,-18711.96,2336,-13440.32
345,"{""family"": ""impulse"", ""invert"": true, ""lookback"": 12, ""minutes"": 60, ""regime"": ""none"", ""volume"": 1.5}",5631,-16753.08,-15935.47,-32688.55,5203,-30585.95
346,"{""family"": ""impulse"", ""invert"": true, ""lookback"": 12, ""minutes"": 240, ""regime"": ""none"", ""volume"": 1.5}",3719,-10008.55,-9838.81,-19847.36,3322,-21867.89
347,"{""family"": ""impulse"", ""invert"": true, ""lookback"": 12, ""minutes"": 480, ""regime"": ""none"", ""volume"": 1.5}",2637,-5626.51,-6250.73,-11877.24,2336,-13657.28
348,"{""family"": ""impulse"", ""invert"": false, ""lookback"": 12, ""minutes"": 60, ""regime"": ""trend"", ""volume"": 1.5}",3799,-11432.11,-10253.26,-21685.37,3574,-20679.39
349,"{""family"": ""impulse"", ""invert"": false, ""lookback"": 12, ""minutes"": 240, ""regime"": ""trend"", ""volume"": 1.5}",2884,-8757.79,-8730.61,-17488.4,2580,-14092.11
350,"{""family"": ""impulse"", ""invert"": false, ""lookback"": 12, ""minutes"": 480, ""regime"": ""trend"", ""volume"": 1.5}",2192,-6923.52,-6265.93,-13189.45,1986,-11815.14
351,"{""family"": ""impulse"", ""invert"": true, ""lookback"": 12, ""minutes"": 60, ""regime"": ""trend"", ""volume"": 1.5}",3799,-11257.49,-11125.54,-22383.03,3574,-20779.01
352,"{""family"": ""impulse"", ""invert"": true, ""lookback"": 12, ""minutes"": 240, ""regime"": ""trend"", ""volume"": 1.5}",2884,-8317.41,-7648.59,-15966.0,2580,-15835.89
353,"{""family"": ""impulse"", ""invert"": true, ""lookback"": 12, ""minutes"": 480, ""regime"": ""trend"", ""volume"": 1.5}",2192,-5882.88,-6354.87,-12237.75,1986,-11222.46
354,"{""family"": ""impulse"", ""invert"": false, ""lookback"": 12, ""minutes"": 60, ""regime"": ""counter"", ""volume"": 1.5}",2764,-8172.95,-7894.57,-16067.52,2493,-13213.63
355,"{""family"": ""impulse"", ""invert"": false, ""lookback"": 12, ""minutes"": 240, ""regime"": ""counter"", ""volume"": 1.5}",2237,-6570.74,-5995.5,-12566.24,2003,-9309.51
356,"{""family"": ""impulse"", ""invert"": false, ""lookback"": 12, ""minutes"": 480, ""regime"": ""counter"", ""volume"": 1.5}",1816,-6651.08,-6049.03,-12700.12,1605,-7892.63
357,"{""family"": ""impulse"", ""invert"": true, ""lookback"": 12, ""minutes"": 60, ""regime"": ""counter"", ""volume"": 1.5}",2764,-8380.25,-7614.63,-15994.88,2493,-15705.17
358,"{""family"": ""impulse"", ""invert"": true, ""lookback"": 12, ""minutes"": 240, ""regime"": ""counter"", ""volume"": 1.5}",2237,-6711.26,-6671.7,-13382.96,2003,-13925.29
359,"{""family"": ""impulse"", ""invert"": true, ""lookback"": 12, ""minutes"": 480, ""regime"": ""counter"", ""volume"": 1.5}",1816,-4102.12,-4263.37,-8365.48,1605,-10725.37
360,"{""family"": ""impulse"", ""invert"": false, ""lookback"": 24, ""minutes"": 60, ""regime"": ""none"", ""volume"": 0.0}",12151,-35333.73,-33978.02,-69311.75,10816,-62710.57
361,"{""family"": ""impulse"", ""invert"": false, ""lookback"": 24, ""minutes"": 240, ""regime"": ""none"", ""volume"": 0.0}",5745,-16302.83,-18054.5,-34357.33,5027,-28127.22
362,"{""family"": ""impulse"", ""invert"": false, ""lookback"": 24, ""minutes"": 480, ""regime"": ""none"", ""volume"": 0.0}",3464,-10511.33,-9865.98,-20377.31,3024,-16278.04
363,"{""family"": ""impulse"", ""invert"": true, ""lookback"": 24, ""minutes"": 60, ""regime"": ""none"", ""volume"": 0.0}",12151,-36389.07,-35250.78,-71639.85,10816,-62755.03
364,"{""family"": ""impulse"", ""invert"": true, ""lookback"": 24, ""minutes"": 240, ""regime"": ""none"", ""volume"": 0.0}",5745,-17209.57,-15075.1,-32284.67,5027,-30185.98
365,"{""family"": ""impulse"", ""invert"": true, ""lookback"": 24, ""minutes"": 480, ""regime"": ""none"", ""volume"": 0.0}",3464,-9591.47,-10213.62,-19805.09,3024,-18800.36
366,"{""family"": ""impulse"", ""invert"": false, ""lookback"": 24, ""minutes"": 60, ""regime"": ""trend"", ""volume"": 0.0}",7900,-22870.74,-22279.11,-45149.85,7195,-41895.88
367,"{""family"": ""impulse"", ""invert"": false, ""lookback"": 24, ""minutes"": 240, ""regime"": ""trend"", ""volume"": 0.0}",4578,-12999.28,-13540.03,-26539.31,4030,-23646.5
368,"{""family"": ""impulse"", ""invert"": false, ""lookback"": 24, ""minutes"": 480, ""regime"": ""trend"", ""volume"": 0.0}",3020,-9628.35,-9911.35,-19539.7,2628,-15128.95
369,"{""family"": ""impulse"", ""invert"": true, ""lookback"": 24, ""minutes"": 60, ""regime"": ""trend"", ""volume"": 0.0}",7900,-24271.66,-22218.49,-46490.15,7195,-41566.12
370,"{""family"": ""impulse"", ""invert"": true, ""lookback"": 24, ""minutes"": 240, ""regime"": ""trend"", ""volume"": 0.0}",4578,-14005.52,-12559.97,-26565.49,4030,-23101.5
371,"{""family"": ""impulse"", ""invert"": true, ""lookback"": 24, ""minutes"": 480, ""regime"": ""trend"", ""volume"": 0.0}",3020,-8061.65,-7430.65,-15492.3,2628,-15355.85
372,"{""family"": ""impulse"", ""invert"": false, ""lookback"": 24, ""minutes"": 60, ""regime"": ""counter"", ""volume"": 0.0}",6954,-20117.95,-19205.03,-39322.98,5996,-33554.23
373,"{""family"": ""impulse"", ""invert"": false, ""lookback"": 24, ""minutes"": 240, ""regime"": ""counter"", ""volume"": 0.0}",4283,-11598.11,-10699.79,-22297.9,3704,-19020.61
374,"{""family"": ""impulse"", ""invert"": false, ""lookback"": 24, ""minutes"": 480, ""regime"": ""counter"", ""volume"": 0.0}",2892,-9826.76,-7584.14,-17410.9,2495,-11971.78
375,"{""family"": ""impulse"", ""invert"": true, ""lookback"": 24, ""minutes"": 60, ""regime"": ""counter"", ""volume"": 0.0}",6954,-20563.25,-20780.17,-41343.42,5996,-35999.37
376,"{""family"": ""impulse"", ""invert"": true, ""lookback"": 24, ""minutes"": 240, ""regime"": ""counter"", ""volume"": 0.0}",4283,-13423.09,-13961.81,-27384.9,3704,-23945.79
377,"{""family"": ""impulse"", ""invert"": true, ""lookback"": 24, ""minutes"": 480, ""regime"": ""counter"", ""volume"": 0.0}",2892,-6935.24,-9201.06,-16136.3,2495,-16970.22
378,"{""family"": ""impulse"", ""invert"": false, ""lookback"": 24, ""minutes"": 60, ""regime"": ""none"", ""volume"": 1.5}",5760,-17240.21,-16333.91,-33574.13,5257,-29813.11
379,"{""family"": ""impulse"", ""invert"": false, ""lookback"": 24, ""minutes"": 240, ""regime"": ""none"", ""volume"": 1.5}",3708,-11858.93,-11534.85,-23393.78,3296,-16934.48
380,"{""family"": ""impulse"", ""invert"": false, ""lookback"": 24, ""minutes"": 480, ""regime"": ""none"", ""volume"": 1.5}",2638,-9719.99,-8822.33,-18542.32,2322,-12808.08
381,"{""family"": ""impulse"", ""invert"": true, ""lookback"": 24, ""minutes"": 60, ""regime"": ""none"", ""volume"": 1.5}",5760,-17142.19,-16099.69,-33241.87,5257,-31168.09
382,"{""family"": ""impulse"", ""invert"": true, ""lookback"": 24, ""minutes"": 240, ""regime"": ""none"", ""volume"": 1.5}",3708,-9995.47,-9623.55,-19619.02,3296,-21299.12
383,"{""family"": ""impulse"", ""invert"": true, ""lookback"": 24, ""minutes"": 480, ""regime"": ""none"", ""volume"": 1.5}",2638,-5731.21,-6327.27,-12058.48,2322,-14127.12
384,"{""family"": ""impulse"", ""invert"": false, ""lookback"": 24, ""minutes"": 60, ""regime"": ""trend"", ""volume"": 1.5}",3886,-11731.54,-10565.49,-22297.03,3624,-20793.64
385,"{""family"": ""impulse"", ""invert"": false, ""lookback"": 24, ""minutes"": 240, ""regime"": ""trend"", ""volume"": 1.5}",2897,-8735.72,-8386.75,-17122.46,2570,-13992.44
386,"{""family"": ""impulse"", ""invert"": false, ""lookback"": 24, ""minutes"": 480, ""regime"": ""trend"", ""volume"": 1.5}",2210,-6631.07,-6874.3,-13505.37,1981,-11915.5
387,"{""family"": ""impulse"", ""invert"": true, ""lookback"": 24, ""minutes"": 60, ""regime"": ""trend"", ""volume"": 1.5}",3886,-11619.26,-11161.31,-22780.57,3624,-21244.76
388,"{""family"": ""impulse"", ""invert"": true, ""lookback"": 24, ""minutes"": 240, ""regime"": ""trend"", ""volume"": 1.5}",2897,-8467.08,-8015.65,-16482.74,2570,-15819.56
389,"{""family"": ""impulse"", ""invert"": true, ""lookback"": 24, ""minutes"": 480, ""regime"": ""trend"", ""volume"": 1.5}",2210,-6372.53,-5758.1,-12130.63,1981,-11064.1
390,"{""family"": ""impulse"", ""invert"": false, ""lookback"": 24, ""minutes"": 60, ""regime"": ""counter"", ""volume"": 1.5}",2881,-8609.14,-8183.0,-16792.14,2543,-13535.72
391,"{""family"": ""impulse"", ""invert"": false, ""lookback"": 24, ""minutes"": 240, ""regime"": ""counter"", ""volume"": 1.5}",2279,-7079.14,-6097.05,-13176.19,2013,-9227.7
392,"{""family"": ""impulse"", ""invert"": false, ""lookback"": 24, ""minutes"": 480, ""regime"": ""counter"", ""volume"": 1.5}",1848,-6674.07,-6259.76,-12933.83,1628,-7364.32
393,"{""family"": ""impulse"", ""invert"": true, ""lookback"": 24, ""minutes"": 60, ""regime"": ""counter"", ""volume"": 1.5}",2881,-8663.26,-7964.2,-16627.46,2543,-15963.08
394,"{""family"": ""impulse"", ""invert"": true, ""lookback"": 24, ""minutes"": 240, ""regime"": ""counter"", ""volume"": 1.5}",2279,-6504.46,-6755.75,-13260.21,2013,-14123.1
395,"{""family"": ""impulse"", ""invert"": true, ""lookback"": 24, ""minutes"": 480, ""regime"": ""counter"", ""volume"": 1.5}",1848,-4241.53,-4261.44,-8502.97,1628,-11520.48
396,"{""family"": ""impulse"", ""invert"": false, ""lookback"": 48, ""minutes"": 60, ""regime"": ""none"", ""volume"": 0.0}",12148,-35265.49,-33918.87,-69184.36,10788,-63322.36
397,"{""family"": ""impulse"", ""invert"": false, ""lookback"": 48, ""minutes"": 240, ""regime"": ""none"", ""volume"": 0.0}",5672,-16744.47,-17142.23,-33886.7,4964,-26428.75
398,"{""family"": ""impulse"", ""invert"": false, ""lookback"": 48, ""minutes"": 480, ""regime"": ""none"", ""volume"": 0.0}",3396,-10015.05,-8557.62,-18572.67,2960,-14319.57
399,"{""family"": ""impulse"", ""invert"": true, ""lookback"": 48, ""minutes"": 60, ""regime"": ""none"", ""volume"": 0.0}",12148,-36654.51,-35077.93,-71732.44,10788,-61818.44
400,"{""family"": ""impulse"", ""invert"": true, ""lookback"": 48, ""minutes"": 240, ""regime"": ""none"", ""volume"": 0.0}",5672,-16234.33,-15674.17,-31908.5,4964,-31153.65
401,"{""family"": ""impulse"", ""invert"": true, ""lookback"": 48, ""minutes"": 480, ""regime"": ""none"", ""volume"": 0.0}",3396,-9658.55,-11162.38,-20820.93,2960,-20016.43
402,"{""family"": ""impulse"", ""invert"": false, ""lookback"": 48, ""minutes"": 60, ""regime"": ""trend"", ""volume"": 0.0}",7981,-22823.17,-21718.16,-44541.33,7217,-41854.68
403,"{""family"": ""impulse"", ""invert"": false, ""lookback"": 48, ""minutes"": 240, ""regime"": ""trend"", ""volume"": 0.0}",4513,-12389.14,-13313.86,-25703.0,3991,-22006.52
404,"{""family"": ""impulse"", ""invert"": false, ""lookback"": 48, ""minutes"": 480, ""regime"": ""trend"", ""volume"": 0.0}",2911,-8843.44,-10319.27,-19162.71,2547,-14084.03
405,"{""family"": ""impulse"", ""invert"": true, ""lookback"": 48, ""minutes"": 60, ""regime"": ""trend"", ""volume"": 0.0}",7981,-24876.03,-23162.24,-48038.27,7217,-41862.52
406,"{""family"": ""impulse"", ""invert"": true, ""lookback"": 48, ""minutes"": 240, ""regime"": ""trend"", ""volume"": 0.0}",4513,-14105.26,-12542.54,-26647.8,3991,-24289.08
407,"{""family"": ""impulse"", ""invert"": true, ""lookback"": 48, ""minutes"": 480, ""regime"": ""trend"", ""volume"": 0.0}",2911,-8127.36,-6477.53,-14604.89,2547,-15461.17
408,"{""family"": ""impulse"", ""invert"": false, ""lookback"": 48, ""minutes"": 60, ""regime"": ""counter"", ""volume"": 0.0}",7008,-20390.21,-19833.41,-40223.62,6084,-34856.79
409,"{""family"": ""impulse"", ""invert"": false, ""lookback"": 48, ""minutes"": 240, ""regime"": ""counter"", ""volume"": 0.0}",4208,-11910.52,-10001.21,-21911.72,3672,-19663.28
410,"{""family"": ""impulse"", ""invert"": false, ""lookback"": 48, ""minutes"": 480, ""regime"": ""counter"", ""volume"": 0.0}",2796,-9045.57,-7090.93,-16136.5,2428,-12655.44
411,"{""family"": ""impulse"", ""invert"": true, ""lookback"": 48, ""minutes"": 60, ""regime"": ""counter"", ""volume"": 0.0}",7008,-20534.59,-20534.59,-41069.18,6084,-35717.61
412,"{""family"": ""impulse"", ""invert"": true, ""lookback"": 48, ""minutes"": 240, ""regime"": ""counter"", ""volume"": 0.0}",4208,-12553.88,-14347.19,-26901.08,3672,-22931.92
413,"{""family"": ""impulse"", ""invert"": true, ""lookback"": 48, ""minutes"": 480, ""regime"": ""counter"", ""volume"": 0.0}",2796,-7229.23,-9067.87,-16297.1,2428,-15509.36
414,"{""family"": ""impulse"", ""invert"": false, ""lookback"": 48, ""minutes"": 60, ""regime"": ""none"", ""volume"": 1.5}",5574,-16954.97,-15491.29,-32446.26,5077,-29036.55
415,"{""family"": ""impulse"", ""invert"": false, ""lookback"": 48, ""minutes"": 240, ""regime"": ""none"", ""volume"": 1.5}",3615,-11078.79,-10798.69,-21877.48,3213,-16047.09
416,"{""family"": ""impulse"", ""invert"": false, ""lookback"": 48, ""minutes"": 480, ""regime"": ""none"", ""volume"": 1.5}",2587,-8532.29,-7656.82,-16189.11,2262,-11159.35
417,"{""family"": ""impulse"", ""invert"": true, ""lookback"": 48, ""minutes"": 60, ""regime"": ""none"", ""volume"": 1.5}",5574,-16244.23,-15967.91,-32212.14,5077,-29856.65
418,"{""family"": ""impulse"", ""invert"": true, ""lookback"": 48, ""minutes"": 240, ""regime"": ""none"", ""volume"": 1.5}",3615,-10184.01,-9872.51,-20056.52,3213,-21223.71
419,"{""family"": ""impulse"", ""invert"": true, ""lookback"": 48, ""minutes"": 480, ""regime"": ""none"", ""volume"": 1.5}",2587,-6547.71,-7272.38,-13820.09,2262,-15079.85
420,"{""family"": ""impulse"", ""invert"": false, ""lookback"": 48, ""minutes"": 60, ""regime"": ""trend"", ""volume"": 1.5}",3756,-11385.79,-10043.87,-21429.67,3501,-19773.05
421,"{""family"": ""impulse"", ""invert"": false, ""lookback"": 48, ""minutes"": 240, ""regime"": ""trend"", ""volume"": 1.5}",2809,-8176.94,-7977.36,-16154.29,2489,-13407.16
422,"{""family"": ""impulse"", ""invert"": false, ""lookback"": 48, ""minutes"": 480, ""regime"": ""trend"", ""volume"": 1.5}",2151,-5977.55,-6473.05,-12450.6,1916,-10746.14
423,"{""family"": ""impulse"", ""invert"": true, ""lookback"": 48, ""minutes"": 60, ""regime"": ""trend"", ""volume"": 1.5}",3756,-11060.21,-11079.73,-22139.93,3501,-20838.55
424,"{""family"": ""impulse"", ""invert"": true, ""lookback"": 48, ""minutes"": 240, ""regime"": ""trend"", ""volume"": 1.5}",2809,-8445.86,-7984.24,-16430.11,2489,-15465.24
425,"{""family"": ""impulse"", ""invert"": true, ""lookback"": 48, ""minutes"": 480, ""regime"": ""trend"", ""volume"": 1.5}",2151,-6596.85,-5904.15,-12501.0,1916,-11479.46
426,"{""family"": ""impulse"", ""invert"": false, ""lookback"": 48, ""minutes"": 60, ""regime"": ""counter"", ""volume"": 1.5}",2812,-8393.9,-7889.57,-16283.47,2457,-13419.16
427,"{""family"": ""impulse"", ""invert"": false, ""lookback"": 48, ""minutes"": 240, ""regime"": ""counter"", ""volume"": 1.5}",2224,-6978.7,-5909.17,-12887.87,1960,-9336.7
428,"{""family"": ""impulse"", ""invert"": false, ""lookback"": 48, ""minutes"": 480, ""regime"": ""counter"", ""volume"": 1.5}",1799,-6512.3,-5669.01,-12181.31,1573,-7748.35
429,"{""family"": ""impulse"", ""invert"": true, ""lookback"": 48, ""minutes"": 60, ""regime"": ""counter"", ""volume"": 1.5}",2812,-8391.3,-7944.43,-16335.73,2457,-15082.04
430,"{""family"": ""impulse"", ""invert"": true, ""lookback"": 48, ""minutes"": 240, ""regime"": ""counter"", ""volume"": 1.5}",2224,-6245.3,-6665.23,-12910.53,1960,-13399.3
431,"{""family"": ""impulse"", ""invert"": true, ""lookback"": 48, ""minutes"": 480, ""regime"": ""counter"", ""volume"": 1.5}",1799,-4101.7,-4585.39,-8687.09,1573,-10498.45
